context_id,group,terrain,seed,beta_name,pareto_nondominated,support_class,max_margin,beta_hat_motion,beta_hat_stability,beta_hat_energy,beta_gen_motion,beta_gen_stability,beta_gen_energy,original_beta_selected_cost,original_beta_best_cost,original_beta_regret,original_beta_consistent
flat:flat:27027,flat,flat,27027,balanced,True,strict,2.4226303390519624e-06,0.0,0.9856194909493724,0.014380509050627682,0.3333333333333333,0.3333333333333333,0.3333333333333333,0.25128885896003783,0.24872119026262696,0.0025676686974108742,False
flat:flat:27027,flat,flat,27027,motion,True,strict,0.00429272112265508,1.0,-0.0,0.0,0.7,0.15,0.15,0.22237826799593075,0.22237826799593075,0.0,True
flat:flat:27027,flat,flat,27027,stability,False,unsupported,-4.366828168441171e-05,0.0,0.985404883643641,0.014595116356359064,0.15,0.7,0.15,0.11868349251494445,0.11821426089519432,0.00046923161975012673,False
flat:flat:27027,flat,flat,27027,energy,True,strict,0.00157448744293127,0.618044153473756,0.0,0.38195584652624404,0.15,0.15,0.7,0.40270163562249267,0.40270163562249267,0.0,True
flat:flat:27028,flat,flat,27028,balanced,True,strict,2.1425272425857168e-05,0.0,0.9761494621165727,0.02385053788342734,0.3333333333333333,0.3333333333333333,0.3333333333333333,0.25028591765288905,0.24928616492875838,0.0009997527241306647,False
flat:flat:27028,flat,flat,27028,motion,True,strict,0.0043263869530529575,1.0,-0.0,0.0,0.7,0.15,0.15,0.2215439908863738,0.2215439908863738,0.0,True
flat:flat:27028,flat,flat,27028,stability,True,strict,0.000358113221172518,0.0,0.0,1.0,0.15,0.7,0.15,0.1186991521515822,0.11848282659061124,0.00021632556097095357,False
flat:flat:27028,flat,flat,27028,energy,True,strict,0.000693269612413239,0.5011409890453566,0.0,0.4988590109546416,0.15,0.15,0.7,0.4035268713611235,0.4035268713611235,0.0,True
flat:flat:27029,flat,flat,27029,balanced,True,strict,6.57404849364765e-06,0.0,0.9870567002150679,0.012943299784932126,0.3333333333333333,0.3333333333333333,0.3333333333333333,0.24987606331180617,0.24854155471761735,0.0013345085941888213,False
flat:flat:27029,flat,flat,27029,motion,True,strict,0.004304583726992051,1.0,-0.0,0.0,0.7,0.15,0.15,0.22178454349213006,0.22178454349213006,0.0,True
flat:flat:27029,flat,flat,27029,stability,False,unsupported,-0.00014066647403445187,0.0,0.9862582155575765,0.013741784442423475,0.15,0.7,0.15,0.11903427726493063,0.11810934138686636,0.0009249358780642619,False
flat:flat:27029,flat,flat,27029,energy,True,strict,0.003788350079011571,-0.0,0.0,1.0,0.15,0.15,0.7,0.4019120622171972,0.4019120622171972,0.0,True
flat:flat:27030,flat,flat,27030,balanced,True,strict,2.477559562875978e-06,0.0,0.9850557542177071,0.014944245782293003,0.3333333333333333,0.3333333333333333,0.3333333333333333,0.2511680897648919,0.2486177744653762,0.0025503152995157152,False
flat:flat:27030,flat,flat,27030,motion,True,strict,0.0045230122896617875,1.0,-0.0,0.0,0.7,0.15,0.15,0.22224387185439554,0.22224387185439554,0.0,True
flat:flat:27030,flat,flat,27030,stability,False,unsupported,-9.775400061175145e-05,0.0,0.9848436286094734,0.01515637139052664,0.15,0.7,0.15,0.11886427480192377,0.11816989615362941,0.0006943786482943581,False
flat:flat:27030,flat,flat,27030,energy,True,strict,0.00307525048318813,-0.0,0.0,1.0,0.15,0.15,0.7,0.4019686512866296,0.4019686512866296,0.0,True
flat:flat:27031,flat,flat,27031,balanced,True,unsupported,-8.289418223892832e-05,0.0,0.9724282066991554,0.02757179330084447,0.3333333333333333,0.3333333333333333,0.3333333333333333,0.25154795389624485,0.25070412033733913,0.0008438335589057155,False
flat:flat:27031,flat,flat,27031,motion,True,strict,0.004439208200259531,1.0,-0.0,0.0,0.7,0.15,0.15,0.22240365574225193,0.22240365574225193,0.0,True
flat:flat:27031,flat,flat,27031,stability,True,strict,0.0024621336203832778,0.0,-0.0,1.0,0.15,0.7,0.15,0.11913383918723223,0.11913383918723223,0.0,True
flat:flat:27031,flat,flat,27031,energy,True,strict,0.00013242334577948946,0.549046541825568,0.0,0.4509534581744321,0.15,0.15,0.7,0.40685362276117343,0.40545917040895096,0.0013944523522224639,False
flat:flat:27032,flat,flat,27032,balanced,False,unsupported,-0.00022402016017027127,0.0,1.0,0.0,0.3333333333333333,0.3333333333333333,0.3333333333333333,0.2515569022238988,0.24688463849669845,0.004672263727200365,False
flat:flat:27032,flat,flat,27032,motion,True,strict,0.005912790343324007,0.7459909352727333,0.0,0.2540090647272667,0.7,0.15,0.15,0.2200840318560638,0.2200840318560638,0.0,True
flat:flat:27032,flat,flat,27032,stability,True,strict,0.005685423756468078,0.0,-0.0,1.0,0.15,0.7,0.15,0.11804451640233476,0.11723501489959691,0.0008095015027378555,False
flat:flat:27032,flat,flat,27032,energy,False,unsupported,-0.0003272555496530386,0.0,1.0,0.0,0.15,0.15,0.7,0.40495262105993557,0.40087358597126455,0.004079035088671024,False
flat:flat:27033,flat,flat,27033,balanced,True,unsupported,-0.00010210528277145763,0.0,0.9901977766616679,0.009802223338332004,0.3333333333333333,0.3333333333333333,0.3333333333333333,0.2503961770020481,0.24549543417313593,0.004900742828912147,False
flat:flat:27033,flat,flat,27033,motion,True,strict,0.005499609100816288,1.0,-0.0,0.0,0.7,0.15,0.15,0.22180425768057374,0.22180425768057374,0.0,True
flat:flat:27033,flat,flat,27033,stability,True,strict,0.014306951654834754,0.0,-0.0,1.0,0.15,0.7,0.15,0.11675126746219198,0.11675126746219198,0.0,True
flat:flat:27033,flat,flat,27033,energy,True,unsupported,-0.00023617446421875872,0.0,0.990197776661668,0.009802223338332004,0.15,0.15,0.7,0.4043168043875397,0.394580673313452,0.009736131074087717,False
flat:flat:27034,flat,flat,27034,balanced,True,strict,0.007745692864454812,-0.0,0.0,1.0,0.3333333333333333,0.3333333333333333,0.3333333333333333,0.24575923492203386,0.24575923492203386,0.0,True
flat:flat:27034,flat,flat,27034,motion,True,strict,0.004701130622172117,1.0,-0.0,0.0,0.7,0.15,0.15,0.22065067566809077,0.22065067566809077,0.0,True
flat:flat:27034,flat,flat,27034,stability,False,unsupported,-0.0003608112903257518,0.0,0.9739113973517642,0.02608860264823558,0.15,0.7,0.15,0.11895191215190558,0.11682562257674216,0.0021262895751634203,False
flat:flat:27034,flat,flat,27034,energy,False,unsupported,-0.000368957914261908,0.0,0.9739113973517645,0.026088602648235575,0.15,0.15,0.7,0.40435857995936164,0.39829162629917475,0.006066953660186891,False
flat:flat:27035,flat,flat,27035,balanced,True,unsupported,-0.0001563624294425434,0.0,0.974428926059628,0.025571073940372054,0.3333333333333333,0.3333333333333333,0.3333333333333333,0.25154493578412185,0.24956463717683622,0.00198029860728563,False
flat:flat:27035,flat,flat,27035,motion,True,strict,0.005664064119673379,1.0,-0.0,0.0,0.7,0.15,0.15,0.2212883739093765,0.2212883739093765,0.0,True
flat:flat:27035,flat,flat,27035,stability,True,strict,0.004252479488476735,0.0,0.0,1.0,0.15,0.7,0.15,0.11862646091832824,0.11862646091832824,0.0,True
flat:flat:27035,flat,flat,27035,energy,True,unsupported,-3.83099260206379e-05,0.0,0.9744289260596282,0.02557107394037204,0.15,0.15,0.7,0.40583850815136513,0.4031343602096256,0.00270414794173951,False
flat:flat:27036,flat,flat,27036,balanced,True,unsupported,-2.296958914694987e-05,0.0,0.9866920185888015,0.013307981411198513,0.3333333333333333,0.3333333333333333,0.3333333333333333,0.2516008959884744,0.2488900531521737,0.002710842836300714,False
flat:flat:27036,flat,flat,27036,motion,True,strict,0.004921837917013727,1.0,-0.0,0.0,0.7,0.15,0.15,0.22250567497200838,0.22250567497200838,0.0,True
flat:flat:27036,flat,flat,27036,stability,True,strict,0.007217120506935015,0.0,0.0,1.0,0.15,0.7,0.15,0.11832819556601423,0.11832819556601423,0.0,True
flat:flat:27036,flat,flat,27036,energy,True,unsupported,-8.663909173198001e-05,0.0,0.9866920185888014,0.01330798141119851,0.15,0.15,0.7,0.4064863681408431,0.4017336600088668,0.004752708131976313,False
low_friction:low_friction:27027,low_friction,low_friction,27027,balanced,True,strict,0.00021734445140320167,0.5819214814765139,0.0,0.41807851852348604,0.3333333333333333,0.3333333333333333,0.3333333333333333,0.2650681584325803,0.2647013544863841,0.0003668039461962036,False
low_friction:low_friction:27027,low_friction,low_friction,27027,motion,True,strict,0.004074604491675848,1.0,-0.0,0.0,0.7,0.15,0.15,0.22984186140503787,0.22984186140503787,0.0,True
low_friction:low_friction:27027,low_friction,low_friction,27027,stability,True,strict,0.002936288817178778,0.0,0.0,1.0,0.15,0.7,0.15,0.12470075906932829,0.12467568634028195,2.507272904633817e-05,False
low_friction:low_friction:27027,low_friction,low_friction,27027,energy,True,strict,0.00020315309378748255,0.0,0.94922459263092,0.05077540736908008,0.15,0.15,0.7,0.4368203010368863,0.4349958750598305,0.001824425977055788,False
low_friction:low_friction:27028,low_friction,low_friction,27028,balanced,True,strict,0.001143629903794373,0.5765845590217702,0.0,0.42341544097822964,0.3333333333333333,0.3333333333333333,0.3333333333333333,0.26439486444324967,0.26439486444324967,0.0,True
low_friction:low_friction:27028,low_friction,low_friction,27028,motion,True,strict,0.004190546942624135,1.0,-0.0,0.0,0.7,0.15,0.15,0.229644997859986,0.229644997859986,0.0,True
low_friction:low_friction:27028,low_friction,low_friction,27028,stability,True,strict,0.004077112973055352,0.0,0.0,1.0,0.15,0.7,0.15,0.1246438467089727,0.12462049258656513,2.3354122407573397e-05,False
low_friction:low_friction:27028,low_friction,low_friction,27028,energy,True,unsupported,-8.355312615774689e-05,0.0,0.9438167738008776,0.05618322619912242,0.15,0.15,0.7,0.43715058799020445,0.4345731882205661,0.0025773997696383333,False
low_friction:low_friction:27029,low_friction,low_friction,27029,balanced,True,unsupported,-0.0002395542994989517,0.0,0.948812965752208,0.051187034247792064,0.3333333333333333,0.3333333333333333,0.3333333333333333,0.2651003531281929,0.2643605615562108,0.000739791571982118,False
low_friction:low_friction:27029,low_friction,low_friction,27029,motion,True,strict,0.003619387268567753,1.0,-0.0,0.0,0.7,0.15,0.15,0.22977462933868154,0.22977462933868154,0.0,True
low_friction:low_friction:27029,low_friction,low_friction,27029,stability,True,strict,0.006458792038677719,0.0,-0.0,1.0,0.15,0.7,0.15,0.12442466476827191,0.12423270211293837,0.0001919626553335413,False
low_friction:low_friction:27029,low_friction,low_friction,27029,energy,True,unsupported,-0.00048641059945759316,0.0,0.948812965752208,0.05118703424779203,0.15,0.15,0.7,0.4386398384965807,0.4343600144305805,0.0042798240660002485,False
low_friction:low_friction:27030,low_friction,low_friction,27030,balanced,True,strict,0.0012456462492615302,0.6655347560029741,0.0,0.3344652439970259,0.3333333333333333,0.3333333333333333,0.3333333333333333,0.2643551945183054,0.2639465800740265,0.0004086144442789208,False
low_friction:low_friction:27030,low_friction,low_friction,27030,motion,True,strict,0.0031807038735401916,1.0,-0.0,0.0,0.7,0.15,0.15,0.2305112154058058,0.2305112154058058,0.0,True
low_friction:low_friction:27030,low_friction,low_friction,27030,stability,True,strict,0.005705820378014259,0.0,-0.0,1.0,0.15,0.7,0.15,0.12422144076328033,0.12422144076328033,0.0,True
low_friction:low_friction:27030,low_friction,low_friction,27030,energy,True,unsupported,-0.00027273704818870265,0.0,0.9679826544016392,0.032017345598360746,0.15,0.15,0.7,0.437469294869502,0.43366827450517914,0.003801020364322838,False
low_friction:low_friction:27031,low_friction,low_friction,27031,balanced,True,strict,0.0025983229559847776,0.5354984655696808,0.0,0.46450153443031916,0.3333333333333333,0.3333333333333333,0.3333333333333333,0.2613747556094144,0.2613747556094144,0.0,True
low_friction:low_friction:27031,low_friction,low_friction,27031,motion,True,strict,0.005374847752193157,1.0,-0.0,0.0,0.7,0.15,0.15,0.22851312216203257,0.22851312216203257,0.0,True
low_friction:low_friction:27031,low_friction,low_friction,27031,stability,True,strict,5.937486371571996e-05,0.0,0.9190638572715796,0.08093614272842045,0.15,0.7,0.15,0.12392288349868187,0.1232792756001724,0.0006436078985094656,False
low_friction:low_friction:27031,low_friction,low_friction,27031,energy,True,unsupported,-0.0004237633978739227,0.0,0.9241179833998596,0.07588201660014024,0.15,0.15,0.7,0.4367112705962472,0.43018225640326035,0.006529014192986848,False
low_friction:low_friction:27032,low_friction,low_friction,27032,balanced,True,strict,0.0012056601837481075,0.5696981331443147,0.0,0.4303018668556854,0.3333333333333333,0.3333333333333333,0.3333333333333333,0.26453445178429463,0.26453445178429463,0.0,True
low_friction:low_friction:27032,low_friction,low_friction,27032,motion,True,strict,0.0038482543917804923,1.0,-0.0,0.0,0.7,0.15,0.15,0.22997824627676366,0.22997824627676366,0.0,True
low_friction:low_friction:27032,low_friction,low_friction,27032,stability,True,strict,9.320389703393328e-05,0.0,0.0,1.0,0.15,0.7,0.15,0.1250277243356243,0.12438646927783029,0.0006412550577940268,False
low_friction:low_friction:27032,low_friction,low_friction,27032,energy,True,strict,0.000177321401583661,0.33336211971634766,0.0,0.6666378802836522,0.15,0.15,0.7,0.4367982336402938,0.4367982336402938,0.0,True
low_friction:low_friction:27033,low_friction,low_friction,27033,balanced,True,strict,4.9411127256543484e-05,0.6134967078720248,0.0,0.3865032921279751,0.3333333333333333,0.3333333333333333,0.3333333333333333,0.2654361972387853,0.2646203986500269,0.0008157985887584096,False
low_friction:low_friction:27033,low_friction,low_friction,27033,motion,True,strict,0.004346376537930158,1.0,-0.0,0.0,0.7,0.15,0.15,0.22995956562676353,0.22995956562676353,0.0,True
low_friction:low_friction:27033,low_friction,low_friction,27033,stability,True,strict,0.004938473208017102,0.0,0.0,1.0,0.15,0.7,0.15,0.12464220945223693,0.12464220945223693,0.0,True
low_friction:low_friction:27033,low_friction,low_friction,27033,energy,True,unsupported,-0.00010081127304010009,0.0,0.9578450034245973,0.04215499657540257,0.15,0.15,0.7,0.4380917650253016,0.43486610119948244,0.0032256638258191805,False
low_friction:low_friction:27034,low_friction,low_friction,27034,balanced,True,unsupported,-3.6916809816299803e-05,0.030787197759884137,0.8911437385718134,0.07806906366830255,0.3333333333333333,0.3333333333333333,0.3333333333333333,0.26477530975416297,0.26454767881544455,0.000227630938718415,False
low_friction:low_friction:27034,low_friction,low_friction,27034,motion,True,strict,0.0042493397544220435,1.0,-0.0,0.0,0.7,0.15,0.15,0.2293798915930802,0.2293798915930802,0.0,True
low_friction:low_friction:27034,low_friction,low_friction,27034,stability,True,strict,5.8615389277451115e-05,0.0,0.9458738796561975,0.05412612034380257,0.15,0.7,0.15,0.12478776537565117,0.12437294205108443,0.0004148233245667432,False
low_friction:low_friction:27034,low_friction,low_friction,27034,energy,True,strict,0.0008136812992453587,0.4518377113107465,0.0,0.5481622886892534,0.15,0.15,0.7,0.43560805744354214,0.43560805744354214,0.0,True
low_friction:low_friction:27035,low_friction,low_friction,27035,balanced,True,strict,0.0028887640543070483,0.5934317961099412,0.0,0.40656820389005877,0.3333333333333333,0.3333333333333333,0.3333333333333333,0.2627917334175285,0.2627917334175285,0.0,True
low_friction:low_friction:27035,low_friction,low_friction,27035,motion,True,strict,0.003897624537977956,1.0,0.0,0.0,0.7,0.15,0.15,0.23022887148371024,0.23022887148371024,0.0,True
low_friction:low_friction:27035,low_friction,low_friction,27035,stability,False,unsupported,-7.528583398630495e-05,0.0,0.0,1.0,0.15,0.7,0.15,0.12465139514052892,0.12353099530136977,0.001120399839159153,False
low_friction:low_friction:27035,low_friction,low_friction,27035,energy,False,unsupported,-0.00036969084640372206,0.0,1.0,0.0,0.15,0.15,0.7,0.43686794476708174,0.4338728122891321,0.0029951324779496358,False
low_friction:low_friction:27036,low_friction,low_friction,27036,balanced,False,unsupported,-0.0005048787928972376,0.0,1.0,-0.0,0.3333333333333333,0.3333333333333333,0.3333333333333333,0.2670047154499826,0.2644972190429048,0.002507496407077814,False
low_friction:low_friction:27036,low_friction,low_friction,27036,motion,True,strict,0.004466854726831032,1.0,0.0,-0.0,0.7,0.15,0.15,0.22918182121400893,0.22918182121400893,0.0,True
low_friction:low_friction:27036,low_friction,low_friction,27036,stability,True,strict,0.0019506597771101752,0.0,0.0,1.0,0.15,0.7,0.15,0.12459200059370698,0.12413684027131458,0.00045516032239240056,False
low_friction:low_friction:27036,low_friction,low_friction,27036,energy,True,strict,1.7098076179694935e-05,0.0,0.9270303613490437,0.0729696386509562,0.15,0.15,0.7,0.435939634049578,0.4347506687719026,0.001188965277675369,False
rough_test:rough_perlin:19,rough_test,rough_perlin,19,balanced,True,strict,0.0004808768356782398,0.2867041783506455,0.7132958216493546,0.0,0.3333333333333333,0.3333333333333333,0.3333333333333333,0.35474404013534133,0.3513507087359049,0.003393331399436428,False
rough_test:rough_perlin:19,rough_test,rough_perlin,19,motion,True,strict,0.005326040843921072,0.7403398374148659,0.0,0.25966016258513414,0.7,0.15,0.15,0.2719221474352858,0.2719221474352858,0.0,True
rough_test:rough_perlin:19,rough_test,rough_perlin,19,stability,True,strict,0.0032511195143848596,0.0,0.7399042919501053,0.2600957080498947,0.15,0.7,0.15,0.23079253765638963,0.23079253765638963,0.0,True
rough_test:rough_perlin:19,rough_test,rough_perlin,19,energy,False,unsupported,-0.0015738348482915207,0.18861390055516203,0.811386099444838,0.0,0.15,0.15,0.7,0.5537241695968778,0.5484003014462152,0.005323868150662547,False
rough_test:rough_perlin:2,rough_test,rough_perlin,2,balanced,True,strict,0.0016388660011147672,0.9117367751053977,0.0,0.0882632248946022,0.3333333333333333,0.3333333333333333,0.3333333333333333,0.3340439148408775,0.3270351570255033,0.007008757815374189,False
rough_test:rough_perlin:2,rough_test,rough_perlin,2,motion,True,strict,0.004908753555733392,1.0,0.0,0.0,0.7,0.15,0.15,0.28913903204697555,0.27882654707718824,0.010312484969787317,False
rough_test:rough_perlin:2,rough_test,rough_perlin,2,stability,True,unsupported,-0.00013568328339779692,0.6441779778318787,0.35582202216812125,0.0,0.15,0.7,0.15,0.21695439174257825,0.21438511944720653,0.0025692722953717106,False
rough_test:rough_perlin:2,rough_test,rough_perlin,2,energy,True,strict,0.010353713158932298,0.0,-0.0,1.0,0.15,0.15,0.7,0.48789380455211506,0.48789380455211506,0.0,True
rough_test:rough_perlin:26,rough_test,rough_perlin,26,balanced,True,unsupported,-0.0001858546578466444,0.7239551882576027,0.0,0.27604481174239714,0.3333333333333333,0.3333333333333333,0.3333333333333333,0.29386842697774235,0.29163000199496486,0.002238424982777487,False
rough_test:rough_perlin:26,rough_test,rough_perlin,26,motion,True,strict,0.004967325859739358,1.0,0.0,0.0,0.7,0.15,0.15,0.2498224345323738,0.2498224345323738,0.0,True
rough_test:rough_perlin:26,rough_test,rough_perlin,26,stability,True,strict,0.0026096253090740484,-0.0,0.0,1.0,0.15,0.7,0.15,0.15980448154840501,0.15980448154840501,0.0,True
rough_test:rough_perlin:26,rough_test,rough_perlin,26,energy,False,unsupported,-0.0005114974561090393,-0.0,1.0,0.0,0.15,0.15,0.7,0.4653789010302585,0.46321898682613843,0.002159914204120039,False
rough_test:rough_perlin:27,rough_test,rough_perlin,27,balanced,True,strict,0.00046306761675853677,0.7595605301589131,0.0,0.240439469841087,0.3333333333333333,0.3333333333333333,0.3333333333333333,0.3564735894516529,0.35349443834912425,0.0029791511025286654,False
rough_test:rough_perlin:27,rough_test,rough_perlin,27,motion,True,strict,0.005192295652681783,1.0,0.0,0.0,0.7,0.15,0.15,0.27599459552177497,0.27599459552177497,0.0,True
rough_test:rough_perlin:27,rough_test,rough_perlin,27,stability,True,strict,0.011732065123476243,0.0,-0.0,1.0,0.15,0.7,0.15,0.2498977863552409,0.2498977863552409,0.0,True
rough_test:rough_perlin:27,rough_test,rough_perlin,27,energy,False,unsupported,-0.003409085239157533,0.2760479925912068,0.7239520074087932,0.0,0.15,0.15,0.7,0.5488336408286653,0.5329653248230067,0.015868316005658523,False
rough_test:rough_perlin:3,rough_test,rough_perlin,3,balanced,True,unsupported,-8.101456750523738e-05,0.4698818137293888,0.5301181862706111,0.0,0.3333333333333333,0.3333333333333333,0.3333333333333333,0.3199728014401509,0.3117150727496344,0.008257728690516497,False
rough_test:rough_perlin:3,rough_test,rough_perlin,3,motion,True,strict,0.006181492253375054,1.0,0.0,0.0,0.7,0.15,0.15,0.2567866526488519,0.2567866526488519,0.0,True
rough_test:rough_perlin:3,rough_test,rough_perlin,3,stability,True,unsupported,-0.0014269359076908522,0.46988181372938886,0.5301181862706111,0.0,0.15,0.7,0.15,0.19344235170798324,0.1877002059461859,0.0057421457617973515,False
rough_test:rough_perlin:3,rough_test,rough_perlin,3,energy,True,strict,0.01595913165154217,0.0,-0.0,1.0,0.15,0.15,0.7,0.4891092635526282,0.4891092635526282,0.0,True
rough_validation:rough_perlin:1,rough_validation,rough_perlin,1,balanced,True,strict,7.570076254208172e-05,0.7624110430650737,0.0,0.2375889569349264,0.3333333333333333,0.3333333333333333,0.3333333333333333,0.33049020378689126,0.32696786353113694,0.0035223402557543193,False
rough_validation:rough_perlin:1,rough_validation,rough_perlin,1,motion,True,strict,0.006032734390178374,1.0,-0.0,0.0,0.7,0.15,0.15,0.26667866958936604,0.26667866958936604,0.0,True
rough_validation:rough_perlin:1,rough_validation,rough_perlin,1,stability,True,strict,0.000646744327485482,0.6745801401929304,0.0,0.32541985980706956,0.15,0.7,0.15,0.2125853519642203,0.21070792227579488,0.0018774296884254138,False
rough_validation:rough_perlin:1,rough_validation,rough_perlin,1,energy,True,strict,0.00851440762220701,0.0,-0.0,1.0,0.15,0.15,0.7,0.4990239245530858,0.4990239245530858,0.0,True
rough_validation:rough_perlin:14,rough_validation,rough_perlin,14,balanced,True,unsupported,-0.0003103814911773412,0.7475901118189809,0.0,0.25240988818101906,0.3333333333333333,0.3333333333333333,0.3333333333333333,0.3177280589926984,0.3121074393514086,0.005620619641289792,False
rough_validation:rough_perlin:14,rough_validation,rough_perlin,14,motion,True,strict,0.006921342770646904,1.0,0.0,0.0,0.7,0.15,0.15,0.25985837828328795,0.25985837828328795,0.0,True
rough_validation:rough_perlin:14,rough_validation,rough_perlin,14,stability,True,strict,0.001890087395068516,0.4283192557140904,0.5716807442859095,0.0,0.15,0.7,0.15,0.1744722126673967,0.1744722126673967,0.0,True
rough_validation:rough_perlin:14,rough_validation,rough_perlin,14,energy,True,strict,0.0012222414806105641,0.0,0.0,1.0,0.15,0.15,0.7,0.5007716141996036,0.5007716141996036,0.0,True
rough_validation:rough_perlin:16,rough_validation,rough_perlin,16,balanced,True,strict,0.000644614847044963,0.5841610938759084,0.0,0.4158389061240915,0.3333333333333333,0.3333333333333333,0.3333333333333333,0.3028910874767406,0.3028910874767406,0.0,True
rough_validation:rough_perlin:16,rough_validation,rough_perlin,16,motion,True,strict,0.007564855113523561,1.0,-0.0,0.0,0.7,0.15,0.15,0.2523347966591573,0.2523347966591573,0.0,True
rough_validation:rough_perlin:16,rough_validation,rough_perlin,16,stability,True,strict,0.0005596417769110351,0.0,0.0,1.0,0.15,0.7,0.15,0.16455434149719791,0.1642071968108485,0.0003471446863494154,False
rough_validation:rough_perlin:16,rough_validation,rough_perlin,16,energy,False,unsupported,-0.0005133212564614803,0.0,0.9850263337270877,0.01497366627291229,0.15,0.15,0.7,0.4896979230261381,0.48851230198747664,0.0011856210386614885,False
rough_validation:rough_perlin:21,rough_validation,rough_perlin,21,balanced,True,unsupported,-0.00017679945914530261,0.06284072761379175,0.9371592723862082,0.0,0.3333333333333333,0.3333333333333333,0.3333333333333333,0.30328010960958734,0.29712585523827906,0.0061542543713082876,False
rough_validation:rough_perlin:21,rough_validation,rough_perlin,21,motion,True,strict,0.008176847787770947,1.0,0.0,0.0,0.7,0.15,0.15,0.26140755548274375,0.26140755548274375,0.0,True
rough_validation:rough_perlin:21,rough_validation,rough_perlin,21,stability,True,strict,0.00973779663106844,-0.0,0.0,1.0,0.15,0.7,0.15,0.16941627123660918,0.16941627123660918,0.0,True
rough_validation:rough_perlin:21,rough_validation,rough_perlin,21,energy,True,strict,0.0011331408210774317,0.0,0.9565122664845596,0.04348773351544043,0.15,0.15,0.7,0.46401490605771517,0.45687279383926294,0.0071421122184522345,False
