terrain,mission,held_context_id,held_signature_count,shared_log_predictive,uniform_log_predictive,delta_log_predictive
flat,efficient,flat_train:flat:27100,3,-0.13605392727124274,-0.7962695384412518,0.660215611170009
flat,efficient,flat_train:flat:27101,2,-0.22421148647149902,-0.9669054198219476,0.7426939333504485
flat,efficient,flat_train:flat:27102,4,-0.08011736148582327,-0.756973000406455,0.6768556389206317
flat,efficient,flat_train:flat:27103,3,-0.06678914968535565,-0.7255557047453062,0.6587665550599505
flat,efficient,flat_train:flat:27104,2,-0.03465816525836152,-0.5557825329238151,0.5211243676654536
flat,efficient,flat_train:flat:27105,4,-0.0725577843157923,-0.7649469088531564,0.6923891245373641
flat,efficient,flat_train:flat:27106,4,-0.1647484562973156,-0.771772891934722,0.6070244356374064
flat,efficient,flat_train:flat:27107,3,-0.1598954013758173,-0.8654702165992815,0.7055748152234642
flat,efficient,flat_train:flat:27108,3,-0.19425374761698824,-0.83992885947674,0.6456751118597518
flat,efficient,flat_train:flat:27109,2,-0.02892848162002215,-0.5995092809495195,0.5705807993294973
flat,efficient,flat_train:flat:27110,3,-0.06463848456570946,-0.7379998790829241,0.6733613945172147
flat,efficient,flat_train:flat:27111,3,-0.07889255959944445,-0.7394436185042723,0.6605510589048279
flat,efficient,flat_train:flat:27112,4,-0.3194704467790559,-1.0344954795022985,0.7150250327232426
flat,efficient,flat_train:flat:27113,3,-0.28035516541965294,-0.8557050591944195,0.5753498937747665
flat,efficient,flat_train:flat:27114,3,-0.014219930072757236,-0.5311349146028377,0.5169149845300804
flat,efficient,flat_train:flat:27115,3,-0.0838473571707515,-0.740753410856469,0.6569060536857174
flat,efficient,flat_train:flat:27116,3,-0.1772369200722285,-0.881506089314834,0.7042691692426055
flat,efficient,flat_train:flat:27117,4,-0.08718585219080666,-0.7661560571458477,0.678970204955041
flat,fast,flat_train:flat:27100,6,-1.0850314698379584,-1.3349616451190514,0.24993017528109296
flat,fast,flat_train:flat:27101,3,-1.2362807599392969,-1.1112596768129765,-0.12502108312632032
flat,fast,flat_train:flat:27102,6,-0.41251643897475115,-1.0117632452412424,0.5992468062664913
flat,fast,flat_train:flat:27103,6,-0.45753662166311165,-1.0877846207886133,0.6302479991255017
flat,fast,flat_train:flat:27104,3,-0.9613462507536626,-0.922911613450195,-0.038434637303467634
flat,fast,flat_train:flat:27105,6,-1.0441838940590662,-1.3700873470644315,0.3259034530053653
flat,fast,flat_train:flat:27106,3,-0.43628367662766276,-0.8900403118436664,0.4537566352160036
flat,fast,flat_train:flat:27107,6,-0.4261032067918095,-0.8529916104368102,0.42688840364500064
flat,fast,flat_train:flat:27108,6,-0.4446413633170441,-0.9917359216268536,0.5470945583098095
flat,fast,flat_train:flat:27109,3,-0.3634674550566797,-1.0437032114513018,0.6802357563946222
flat,fast,flat_train:flat:27110,6,-1.0985624889530337,-1.3879574082724515,0.28939491931941785
flat,fast,flat_train:flat:27111,6,-0.4527875045821359,-1.0753022957280685,0.6225147911459326
flat,fast,flat_train:flat:27112,6,-1.1867086521686194,-1.4198146833449528,0.23310603117633333
flat,fast,flat_train:flat:27113,6,-0.9869676845220265,-0.9418988226907866,-0.045068861831239926
flat,fast,flat_train:flat:27114,6,-0.5278236242423522,-1.1004840736990553,0.5726604494567031
flat,fast,flat_train:flat:27115,6,-0.9779237129621089,-1.1548484191347035,0.1769247061725946
flat,fast,flat_train:flat:27116,6,-1.12837715292368,-1.3478309319197106,0.2194537789960307
flat,fast,flat_train:flat:27117,6,-0.9759372057879746,-1.2049648358306797,0.2290276300427051
flat,stable,flat_train:flat:27100,6,-0.20276356820987798,-1.0210300258437053,0.8182664576338273
flat,stable,flat_train:flat:27101,3,-0.1214321899066455,-0.6886013835026876,0.5671691935960421
flat,stable,flat_train:flat:27102,6,-0.3563997778406174,-0.9490964351970619,0.5926966573564445
flat,stable,flat_train:flat:27103,6,-0.20611300030530696,-1.0877846207886133,0.8816716204833063
flat,stable,flat_train:flat:27104,3,-0.18797572091216205,-1.090848926351175,0.9028732054390128
flat,stable,flat_train:flat:27105,6,-0.32153048300579695,-0.8665608378181422,0.5450303548123452
flat,stable,flat_train:flat:27106,6,-0.3750251335327035,-1.097434457906618,0.7224093243739145
flat,stable,flat_train:flat:27107,6,-0.3010391284245147,-0.8529916104368102,0.5519524820122954
flat,stable,flat_train:flat:27108,6,-0.2047886855899388,-0.9917359216268536,0.7869472360369149
flat,stable,flat_train:flat:27109,3,-0.12510279983724595,-1.0437032114513018,0.9186004116140559
flat,stable,flat_train:flat:27110,6,-0.17399864504071694,-1.034570946334706,0.860572301293989
flat,stable,flat_train:flat:27111,6,-0.20289684989662607,-1.0753022957280685,0.8724054458314424
flat,stable,flat_train:flat:27112,6,-0.1573619057825355,-0.8077515815823301,0.6503896757997946
flat,stable,flat_train:flat:27113,6,-1.4543523224287478,-0.9418988226907866,-0.5124534997379612
flat,stable,flat_train:flat:27114,6,-0.3573207534462832,-1.1004840736990553,0.7431633202527721
flat,stable,flat_train:flat:27115,6,-0.20269258752831387,-1.0333942979655986,0.8307017104372847
flat,stable,flat_train:flat:27116,6,-0.28023213603118063,-0.8515656552725531,0.5713335192413724
flat,stable,flat_train:flat:27117,6,-0.3252505959907648,-0.8934996065722621,0.5682490105814973
low_friction,efficient,low_friction_train:low_friction:27200,3,-0.10647090958959045,-0.7501542264958289,0.6436833169062384
low_friction,efficient,low_friction_train:low_friction:27201,6,-0.2770921666417315,-1.0051385488634723,0.7280463822217409
low_friction,efficient,low_friction_train:low_friction:27202,5,-0.10213843464065135,-0.6290832989469907,0.5269448643063394
low_friction,efficient,low_friction_train:low_friction:27203,5,-0.22109369897275338,-0.8932572821858088,0.6721635832130555
low_friction,efficient,low_friction_train:low_friction:27204,4,-0.06732908046080732,-0.7180936946076975,0.6507646141468901
low_friction,efficient,low_friction_train:low_friction:27205,2,-0.022562567766632124,-0.525443377592516,0.5028808098258839
low_friction,efficient,low_friction_train:low_friction:27206,3,-0.3572954822507792,-0.8991250091960922,0.5418295269453131
low_friction,efficient,low_friction_train:low_friction:27207,2,-0.032458329152845966,-0.5436303055754461,0.5111719764226001
low_friction,efficient,low_friction_train:low_friction:27208,5,-0.19332859739358135,-0.8531578357057846,0.6598292383122033
low_friction,efficient,low_friction_train:low_friction:27209,5,-0.09077030798552829,-0.6905916977353463,0.599821389749818
low_friction,efficient,low_friction_train:low_friction:27210,5,-0.06502927862194988,-0.6743777441764971,0.6093484655545472
low_friction,efficient,low_friction_train:low_friction:27211,6,-0.07746215559765283,-0.5816976354687827,0.5042354798711299
low_friction,efficient,low_friction_train:low_friction:27212,3,-0.20294513177384932,-0.5878119070447282,0.38486677527087887
low_friction,efficient,low_friction_train:low_friction:27213,4,-0.2322286579407673,-0.8868333038697824,0.6546046459290151
low_friction,efficient,low_friction_train:low_friction:27214,4,-0.04823169217352241,-0.5568585075221535,0.5086268153486311
low_friction,efficient,low_friction_train:low_friction:27215,4,-0.09300151178019211,-0.7452570867895822,0.6522555750093901
low_friction,efficient,low_friction_train:low_friction:27216,4,-0.27252103292080787,-0.972821942223951,0.7003009093031431
low_friction,efficient,low_friction_train:low_friction:27217,3,-0.18628316054795846,-0.944290281928082,0.7580071213801235
low_friction,fast,low_friction_train:low_friction:27200,6,-0.8828918303224847,-0.8569087957022851,-0.025983034620199685
low_friction,fast,low_friction_train:low_friction:27201,5,-0.3443162609551614,-0.8966675311561947,0.5523512702010334
low_friction,fast,low_friction_train:low_friction:27202,5,-0.5080483558172674,-1.2068343538409267,0.6987859980236594
low_friction,fast,low_friction_train:low_friction:27203,5,-0.2908949296541907,-0.9272919025586328,0.6363969729044421
low_friction,fast,low_friction_train:low_friction:27204,6,-0.36411887788905045,-1.0873903373867155,0.723271459497665
low_friction,fast,low_friction_train:low_friction:27205,3,-1.3152028370406816,-1.317239260263461,0.0020364232227794155
low_friction,fast,low_friction_train:low_friction:27206,6,-0.47820861261164643,-1.0952767464927526,0.6170681338811062
low_friction,fast,low_friction_train:low_friction:27207,3,-1.011619626915535,-0.8538514554191661,-0.15776817149636901
low_friction,fast,low_friction_train:low_friction:27208,5,-0.27903438437711187,-0.9523744143293491,0.6733400299522372
low_friction,fast,low_friction_train:low_friction:27209,5,-0.34509954229749074,-1.1070916349215199,0.7619920926240291
low_friction,fast,low_friction_train:low_friction:27210,6,-0.5044792055525681,-0.8922556262337578,0.38777642068118967
low_friction,fast,low_friction_train:low_friction:27211,4,-0.6993915064784078,-1.0686959043844944,0.3693043979060866
low_friction,fast,low_friction_train:low_friction:27212,3,-0.21593244324692465,-0.793029693441737,0.5770972501948124
low_friction,fast,low_friction_train:low_friction:27213,6,-0.7151132161536468,-0.7842272454292868,0.06911402927564003
low_friction,fast,low_friction_train:low_friction:27214,6,-0.99938866452243,-1.0411509487369812,0.04176228421455119
low_friction,fast,low_friction_train:low_friction:27215,6,-0.4185815727534348,-0.9527919823704685,0.5342104096170337
low_friction,fast,low_friction_train:low_friction:27216,6,-0.38092914553537227,-0.8369970979534002,0.4560679524180279
low_friction,fast,low_friction_train:low_friction:27217,6,-0.3034759909060267,-0.8838532876155797,0.580377296709553
low_friction,stable,low_friction_train:low_friction:27200,6,-0.4300774605738365,-0.9821900515849435,0.5521125910111071
low_friction,stable,low_friction_train:low_friction:27201,6,-0.6564945951729549,-0.6968545754770475,0.0403599803040926
low_friction,stable,low_friction_train:low_friction:27202,6,-0.7233560480052804,-1.2977574798047373,0.5744014317994569
low_friction,stable,low_friction_train:low_friction:27203,6,-0.6156866075512636,-0.9593105545873781,0.34362394703611454
low_friction,stable,low_friction_train:low_friction:27204,6,-0.7446848926705555,-1.1117995692063323,0.3671146765357768
low_friction,stable,low_friction_train:low_friction:27205,3,-0.32857075031066074,-1.1480415179075631,0.8194707675969024
low_friction,stable,low_friction_train:low_friction:27206,6,-0.4111047505110794,-1.0952767464927526,0.6841719959816732
low_friction,stable,low_friction_train:low_friction:27207,3,-0.30350248283276776,-1.1148104315532181,0.8113079487204504
low_friction,stable,low_friction_train:low_friction:27208,6,-0.6539627328908555,-1.0942621687741456,0.4402994358832901
low_friction,stable,low_friction_train:low_friction:27209,6,-0.6655079014946431,-1.047402408628278,0.38189450713363493
low_friction,stable,low_friction_train:low_friction:27210,5,-0.8845640052330319,-1.0478152808670447,0.16325127563401276
low_friction,stable,low_friction_train:low_friction:27211,6,-0.912837470825961,-1.488400233915101,0.57556276308914
low_friction,stable,low_friction_train:low_friction:27212,3,-1.8956980122885703,-1.2743633930847793,-0.621334619203791
low_friction,stable,low_friction_train:low_friction:27213,6,-0.46731098730346243,-1.0319184848187684,0.5646074975153059
low_friction,stable,low_friction_train:low_friction:27214,6,-0.4082791709516244,-1.4175965981646754,1.009317427213051
low_friction,stable,low_friction_train:low_friction:27215,6,-0.3610398291185463,-1.0798971903884318,0.7188573612698854
low_friction,stable,low_friction_train:low_friction:27216,6,-1.012791715549506,-0.9414600199840274,-0.07133169556547869
low_friction,stable,low_friction_train:low_friction:27217,6,-0.33693450937518604,-0.8838532876155797,0.5469187782403937
rough_perlin,efficient,rough_train:rough_perlin:0,6,-0.2387503395127668,-0.641667930825318,0.4029175913125512
rough_perlin,efficient,rough_train:rough_perlin:10,5,-0.059864471298674185,-0.7383194876493304,0.6784550163506562
rough_perlin,efficient,rough_train:rough_perlin:11,6,-0.10306647600313863,-0.48973535961279646,0.38666888360965784
rough_perlin,efficient,rough_train:rough_perlin:12,3,-0.3332847984115972,-1.668921495876189,1.335636697464592
rough_perlin,efficient,rough_train:rough_perlin:13,5,-0.1138699783740984,-0.4349896181576371,0.3211196397835387
rough_perlin,efficient,rough_train:rough_perlin:15,3,-0.1846950730249747,-0.35437608622437367,0.16968101319939896
rough_perlin,efficient,rough_train:rough_perlin:17,4,-0.1061693413245306,-0.8837740499945772,0.7776047086700466
rough_perlin,efficient,rough_train:rough_perlin:18,4,-0.16349058077548917,-1.06205251244726,0.8985619316717708
rough_perlin,efficient,rough_train:rough_perlin:20,5,-0.34849444529992385,-0.7853716734129751,0.43687722811305124
rough_perlin,efficient,rough_train:rough_perlin:22,6,-0.01229330784174317,-0.48785276674328787,0.4755594589015447
rough_perlin,efficient,rough_train:rough_perlin:25,4,-0.07293875394601468,-0.3635899885138012,0.2906512345677865
rough_perlin,efficient,rough_train:rough_perlin:28,6,-0.0357394341798738,-0.6453466650311891,0.6096072308513153
rough_perlin,efficient,rough_train:rough_perlin:29,3,-0.0088545464374065,-0.6076277801561997,0.5987732337187932
rough_perlin,efficient,rough_train:rough_perlin:4,3,-0.2142048770033993,-0.8653357580562305,0.6511308810528312
rough_perlin,efficient,rough_train:rough_perlin:5,6,-0.06187861548122283,-0.3635293088877405,0.3016506934065177
rough_perlin,efficient,rough_train:rough_perlin:6,4,-0.17667492397643936,-0.830364842045733,0.6536899180692937
rough_perlin,efficient,rough_train:rough_perlin:7,6,-0.16251093051592655,-0.5959354799786434,0.4334245494627168
rough_perlin,efficient,rough_train:rough_perlin:8,2,-0.5720283855207913,-1.097446214911315,0.5254178293905238
rough_perlin,fast,rough_train:rough_perlin:0,3,-0.9382101791181429,-1.852110818403351,0.9139006392852081
rough_perlin,fast,rough_train:rough_perlin:10,4,-0.1672782108909776,-0.9809864768340089,0.8137082659430313
rough_perlin,fast,rough_train:rough_perlin:11,4,-0.2750177949938839,-0.9049430769468711,0.6299252819529872
rough_perlin,fast,rough_train:rough_perlin:12,3,-0.24297348943809047,-0.6212562895309665,0.37828280009287596
rough_perlin,fast,rough_train:rough_perlin:13,6,-0.24232848084052602,-1.1112621474086184,0.8689336665680923
rough_perlin,fast,rough_train:rough_perlin:15,2,-0.19637332729283585,-1.21654740439975,1.020174077106914
rough_perlin,fast,rough_train:rough_perlin:17,5,-0.31990475084282294,-0.8242850438460889,0.5043802930032659
rough_perlin,fast,rough_train:rough_perlin:18,6,-0.19463529256073775,-0.8650684255069748,0.6704331329462371
rough_perlin,fast,rough_train:rough_perlin:20,4,-0.28197402522947357,-1.2687083857434198,0.9867343605139463
rough_perlin,fast,rough_train:rough_perlin:22,4,-0.7285945069792552,-2.081183435987457,1.3525889290082018
rough_perlin,fast,rough_train:rough_perlin:25,4,-0.493139878721389,-1.6174424768020297,1.1243025980806407
rough_perlin,fast,rough_train:rough_perlin:28,5,-0.649682740838594,-1.0505265477135102,0.40084380687491616
rough_perlin,fast,rough_train:rough_perlin:29,3,-0.613250236463435,-0.8469138801380683,0.23366364367463333
rough_perlin,fast,rough_train:rough_perlin:4,6,-0.6959217764176252,-0.9531827004772437,0.25726092405961853
rough_perlin,fast,rough_train:rough_perlin:5,3,-0.4432738023399129,-1.3364428794139016,0.8931690770739886
rough_perlin,fast,rough_train:rough_perlin:6,5,-0.5685808366479874,-0.7249867184927347,0.15640588184474724
rough_perlin,fast,rough_train:rough_perlin:7,4,-0.3998101691748772,-1.4865878693691386,1.0867777001942613
rough_perlin,fast,rough_train:rough_perlin:8,3,-0.010662951829852219,-0.1919968368848958,0.18133388505504358
rough_perlin,stable,rough_train:rough_perlin:0,6,-0.4702541016969355,-0.641667930825318,0.17141382912838254
rough_perlin,stable,rough_train:rough_perlin:10,6,-0.363403259986228,-1.0428558207436063,0.6794525607573783
rough_perlin,stable,rough_train:rough_perlin:11,5,-0.3073116101499275,-0.5539910402043967,0.24667943005446918
rough_perlin,stable,rough_train:rough_perlin:12,3,-0.07776645773848934,-0.25645393864332117,0.17868748090483183
rough_perlin,stable,rough_train:rough_perlin:13,5,-0.25112374958203265,-1.0296379617907385,0.7785142122087059
rough_perlin,stable,rough_train:rough_perlin:15,3,-0.14861703419247854,-0.8549807464129886,0.7063637122205101
rough_perlin,stable,rough_train:rough_perlin:17,6,-0.6459007880135182,-0.7499425008561523,0.10404171284263408
rough_perlin,stable,rough_train:rough_perlin:18,6,-0.5738173858565636,-0.5522524109892563,-0.02156497486730735
rough_perlin,stable,rough_train:rough_perlin:20,6,-0.4799146898868341,-0.41456905018750617,-0.06534563969932794
rough_perlin,stable,rough_train:rough_perlin:22,6,-0.3628089419022946,-0.6578606023181344,0.29505166041583974
rough_perlin,stable,rough_train:rough_perlin:25,5,-0.11580962779415085,-0.35999553030023,0.24418590250607916
rough_perlin,stable,rough_train:rough_perlin:28,6,-0.6043754124907603,-1.0999742223624038,0.4955988098716435
rough_perlin,stable,rough_train:rough_perlin:29,3,-0.19037501219356687,-0.9107994144932174,0.7204244022996505
rough_perlin,stable,rough_train:rough_perlin:4,4,-0.7803723097419162,-1.0279395873413624,0.2475672775994462
rough_perlin,stable,rough_train:rough_perlin:5,6,-0.31616538891639073,-0.3635293088877405,0.047363919971349755
rough_perlin,stable,rough_train:rough_perlin:6,6,-0.6931500403235042,-1.1450850414467446,0.45193500112324037
rough_perlin,stable,rough_train:rough_perlin:7,6,-0.4524915889941119,-1.2401244424373934,0.7876328534432815
rough_perlin,stable,rough_train:rough_perlin:8,3,-0.7502643308506908,-1.4732395610225308,0.7229752301718401
