context_index,context_id,group,terrain,seed,beta_name,beta_motion,beta_stability,beta_energy,feasible,strict_feasible,pareto_nondominated,good_candidate,cost_motion,cost_stability,cost_energy,motion_rank,stability_rank,energy_rank,episode_energy_abs_j,decision_time_s,roll_rms_rad,pitch_rms_rad,mean_applied_vx_mps
0,flat_train:flat:27100,flat_train,flat,27100,balanced,0.3333333333333333,0.3333333333333333,0.3333333333333333,True,True,True,True,0.2030304388839268,0.011355144203711469,0.5387056566710693,2,2,3,160.06022391263184,6.9540000000000015,0.003778554270891437,0.02789747874671039,0.2183101551497684
0,flat_train:flat:27100,flat_train,flat,27100,motion,0.7,0.15,0.15,True,True,True,True,0.19835416724562394,0.011197067652175504,0.5434552248821048,1,1,4,161.47141561246366,6.955999999999997,0.003816020938144874,0.027702615777655447,0.22243943231947286
0,flat_train:flat:27100,flat_train,flat,27100,stability,0.15,0.7,0.15,True,True,True,True,0.20818512086391436,0.011453654655234728,0.5290985907145127,4,4,1,161.8294716807193,7.1640000000000015,0.00346879466719352,0.028018228194732687,0.21397479046668327
0,flat_train:flat:27100,flat_train,flat,27100,energy,0.15,0.15,0.7,True,True,True,True,0.2061011887426643,0.011441272882193914,0.5314020918061686,3,3,2,162.5340178111016,7.14,0.0036764835179789565,0.02800308010901674,0.2154584084876946
1,flat_train:flat:27101,flat_train,flat,27101,balanced,0.3333333333333333,0.3333333333333333,0.3333333333333333,True,True,True,True,0.2033722443053676,0.01134791284137214,0.5369241383872321,2,2,3,159.53089920277537,6.961999999999999,0.0037511839412846955,0.027888594225758234,0.21829881484017652
1,flat_train:flat:27101,flat_train,flat,27101,motion,0.7,0.15,0.15,True,True,True,True,0.19893305317709045,0.011111225650874785,0.5394416710116232,1,1,4,160.27890849240765,6.9639999999999995,0.0038264147560206677,0.027596220685015938,0.22243321691365803
1,flat_train:flat:27101,flat_train,flat,27101,stability,0.15,0.7,0.15,True,True,False,False,0.20839270712618246,0.011506328068625202,0.5327116957648218,4,4,2,162.93457173518902,7.163999999999999,0.003563619971756292,0.02808257968681499,0.21397700422576496
1,flat_train:flat:27101,flat_train,flat,27101,energy,0.15,0.15,0.7,True,True,True,True,0.20696042613535245,0.011438929036660727,0.5326052482380011,3,3,1,162.90201382003022,7.154000000000003,0.003695237150883011,0.02800021126300583,0.21544376145516123
2,flat_train:flat:27102,flat_train,flat,27102,balanced,0.3333333333333333,0.3333333333333333,0.3333333333333333,True,True,True,True,0.20303906793465695,0.011385505444421061,0.5382371881359014,2,2,3,159.92103254215624,6.968000000000001,0.00372037718468424,0.027934749690911736,0.21829226196688764
2,flat_train:flat:27102,flat_train,flat,27102,motion,0.7,0.15,0.15,True,True,True,True,0.19826534725952003,0.01120368871834812,0.5449890221341465,1,1,4,161.9271374497197,6.9579999999999975,0.00386258166127407,0.02771080508852679,0.22244732244049806
2,flat_train:flat:27102,flat_train,flat,27102,stability,0.15,0.7,0.15,True,True,True,True,0.20842490210642345,0.011459994923857209,0.5300421826284357,4,3,1,162.1180775919657,7.153999999999999,0.00350890579491211,0.028025981957267493,0.21397974723151753
2,flat_train:flat:27102,flat_train,flat,27102,energy,0.15,0.15,0.7,True,True,True,True,0.20624762881816983,0.011477390419960655,0.5336275714751569,3,4,2,163.21470040105558,7.142,0.003718932437092335,0.028047244966862474,0.2154528045441423
3,flat_train:flat:27103,flat_train,flat,27103,balanced,0.3333333333333333,0.3333333333333333,0.3333333333333333,True,True,True,True,0.2035325858964294,0.011291397168657449,0.5393894403225634,2,2,3,160.26338971015153,6.951999999999999,0.0037704511451899228,0.027819061128085933,0.2183000997585409
3,flat_train:flat:27103,flat_train,flat,27103,motion,0.7,0.15,0.15,True,True,True,True,0.19828373212965578,0.011159301583463073,0.5446378660009256,1,1,4,161.8228019399369,6.948000000000003,0.003876556896760425,0.027655857702188116,0.2224547791568672
3,flat_train:flat:27103,flat_train,flat,27103,stability,0.15,0.7,0.15,True,True,True,True,0.2085849235270693,0.01151046388330626,0.5254755691606684,4,4,1,160.72133857615992,7.192,0.003486253470939232,0.028087626308207048,0.21396143219300678
3,flat_train:flat:27103,flat_train,flat,27103,energy,0.15,0.15,0.7,True,True,True,True,0.2066347340890774,0.011470684987346573,0.534863992924077,3,3,2,163.59287080892463,7.152000000000001,0.0037331911474559306,0.02803905049662107,0.2154514873666423
4,flat_train:flat:27104,flat_train,flat,27104,balanced,0.3333333333333333,0.3333333333333333,0.3333333333333333,True,True,True,True,0.20275299564345195,0.011229601636326709,0.5350506146609368,2,2,3,158.97423783599203,6.932000000000001,0.0037449906808635254,0.02774283264576195,0.2183166122173562
4,flat_train:flat:27104,flat_train,flat,27104,motion,0.7,0.15,0.15,True,True,True,True,0.19881816313048156,0.011105011494694424,0.5437821685171378,1,1,4,161.56855710482066,6.954000000000002,0.003873050148432643,0.027588502903150822,0.22244082242250443
4,flat_train:flat:27104,flat_train,flat,27104,stability,0.15,0.7,0.15,True,True,False,False,0.20837140323507516,0.011481770263414732,0.5315926476856823,4,4,2,162.59230100793584,7.152000000000002,0.0035353246887303504,0.028052595747711854,0.2139804985906397
4,flat_train:flat:27104,flat_train,flat,27104,energy,0.15,0.15,0.7,True,True,True,True,0.20623255450598715,0.011386859780744028,0.5292785593640402,3,3,1,161.8845166798617,7.130000000000002,0.0036729181854851427,0.027936411063467854,0.21546367547341755
5,flat_train:flat:27105,flat_train,flat,27105,balanced,0.3333333333333333,0.3333333333333333,0.3333333333333333,True,True,True,True,0.2033471031204577,0.011368821516054863,0.5349547083655947,2,2,3,158.94574215766195,6.960000000000001,0.0037078024017820673,0.02791427472128249,0.21828971925903773
5,flat_train:flat:27105,flat_train,flat,27105,motion,0.7,0.15,0.15,True,True,True,True,0.19873199651321327,0.01117936844890361,0.5394387014678884,1,1,4,160.27802618157753,6.976000000000003,0.0037820409697043385,0.027680712296651266,0.22242811072398638
5,flat_train:flat:27105,flat_train,flat,27105,stability,0.15,0.7,0.15,True,True,True,True,0.20886313273366347,0.011505455955921411,0.5246354718045745,4,3,1,160.46438738845504,7.1819999999999995,0.0034665975875614575,0.02808151568499666,0.21396262979933195
5,flat_train:flat:27105,flat_train,flat,27105,energy,0.15,0.15,0.7,True,True,True,True,0.20684535987177607,0.011508889200141703,0.5303036272921614,3,4,2,157.5638129560087,6.983999999999999,0.0036809104153783167,0.028085705011561223,0.21559786570861061
6,flat_train:flat:27106,flat_train,flat,27106,balanced,0.3333333333333333,0.3333333333333333,0.3333333333333333,True,True,True,True,0.2030361497534538,0.011411024672171024,0.5378422427936318,2,2,3,159.80368638264576,6.960000000000001,0.003701808944034051,0.027966038508373155,0.21830701109241035
6,flat_train:flat:27106,flat_train,flat,27106,motion,0.7,0.15,0.15,True,True,True,True,0.19875620361317525,0.011138279518062427,0.5451315016620261,1,1,4,161.96947096683232,6.96,0.003788711861987205,0.027629796277547438,0.22244730271837293
6,flat_train:flat:27106,flat_train,flat,27106,stability,0.15,0.7,0.15,True,True,True,True,0.2084715728729221,0.011479545038460439,0.5298248023916671,4,3,1,162.05158992882036,7.166000000000002,0.003499277105623765,0.028049877125238806,0.21397570243903571
6,flat_train:flat:27106,flat_train,flat,27106,energy,0.15,0.15,0.7,True,True,True,True,0.2065526405151475,0.011515405315277586,0.5304825792212364,3,4,2,162.25277677505497,7.16,0.0036474834625421925,0.028093654788969313,0.21543013968638014
7,flat_train:flat:27107,flat_train,flat,27107,balanced,0.3333333333333333,0.3333333333333333,0.3333333333333333,True,True,True,True,0.20329890418813903,0.011340106413105296,0.5389735975465749,2,2,3,160.13983450516537,6.954000000000002,0.0037737442759403347,0.02787899975916583,0.2183073605684673
7,flat_train:flat:27107,flat_train,flat,27107,motion,0.7,0.15,0.15,True,True,True,True,0.19777294964570663,0.011230212279242965,0.540720139411678,1,1,4,160.65876702153935,6.944000000000002,0.0037722331022366717,0.02774358692772563,0.2224539240493494
7,flat_train:flat:27107,flat_train,flat,27107,stability,0.15,0.7,0.15,True,True,True,True,0.20870090258363894,0.011427415672212084,0.5272380555986839,4,3,1,161.260410601892,7.158000000000001,0.0034809582417740124,0.0279861164702695,0.21397635992084232
7,flat_train:flat:27107,flat_train,flat,27107,energy,0.15,0.15,0.7,True,True,True,True,0.2064790728766723,0.011509633801204908,0.5335465267423437,3,4,2,163.1899121545476,7.159999999999999,0.0036758698960585898,0.0280866135202572,0.21543666305286543
8,flat_train:flat:27108,flat_train,flat,27108,balanced,0.3333333333333333,0.3333333333333333,0.3333333333333333,True,True,True,True,0.2038492129557286,0.011300652711629682,0.5338688987372093,2,2,3,158.62312640248345,6.966000000000001,0.003761030229520911,0.027830460422721782,0.2182865269920405
8,flat_train:flat:27108,flat_train,flat,27108,motion,0.7,0.15,0.15,True,True,True,True,0.19828124426190244,0.011224813519734088,0.5441151248518414,1,1,4,161.6674850904949,6.962000000000002,0.003808793761954024,0.027736917484525923,0.22244149845312622
8,flat_train:flat:27108,flat_train,flat,27108,stability,0.15,0.7,0.15,True,True,True,True,0.20820294475241616,0.011509363574299564,0.5282784140482832,4,4,1,161.5786134117499,7.179999999999999,0.0035107038547548407,0.02808628411521548,0.21396820017269683
8,flat_train:flat:27108,flat_train,flat,27108,energy,0.15,0.15,0.7,True,True,True,True,0.20670673249803673,0.011497837023962001,0.5322661109926886,3,3,2,162.79828570168075,7.164000000000001,0.0036806458636328187,0.028072216539126203,0.21543806278279848
9,flat_train:flat:27109,flat_train,flat,27109,balanced,0.3333333333333333,0.3333333333333333,0.3333333333333333,True,True,True,True,0.20336247688943415,0.011319688092373712,0.5398507269940538,2,2,3,160.40044720530184,6.958000000000002,0.0037465691013226863,0.02785389014374855,0.21829731556422569
9,flat_train:flat:27109,flat_train,flat,27109,motion,0.7,0.15,0.15,True,True,True,True,0.1977714305228086,0.01126968922152145,0.545974628276557,1,1,4,162.2199807452936,6.952000000000003,0.0038200940973451363,0.02779230700287282,0.2224450400646995
9,flat_train:flat:27109,flat_train,flat,27109,stability,0.15,0.7,0.15,True,True,False,False,0.20817412523310783,0.011499845971923352,0.5289664020691893,4,4,2,161.78904061737825,7.167999999999998,0.0034801346718804785,0.02807466868195941,0.21397405205028397
9,flat_train:flat:27109,flat_train,flat,27109,energy,0.15,0.15,0.7,True,True,True,True,0.20704809962052603,0.011466874408318894,0.5287614692834479,3,3,1,161.726360116941,7.168000000000001,0.0036802376127960646,0.028034392886775273,0.21542896434664727
10,flat_train:flat:27110,flat_train,flat,27110,balanced,0.3333333333333333,0.3333333333333333,0.3333333333333333,True,True,True,True,0.2030668865745276,0.011339593400014291,0.5398930780819409,2,2,3,160.41303056047215,6.9460000000000015,0.003794654298704151,0.02787836950818898,0.2183116757256143
10,flat_train:flat:27110,flat_train,flat,27110,motion,0.7,0.15,0.15,True,True,True,True,0.19811627629340228,0.011186075202893503,0.5445132367293413,1,1,4,161.7857720909483,6.954000000000001,0.0037873071169651634,0.02768901417850566,0.2224411259240964
10,flat_train:flat:27110,flat_train,flat,27110,stability,0.15,0.7,0.15,True,True,True,True,0.2089993411799948,0.011561008307855001,0.5270839658942281,4,4,1,161.21328090640395,7.180000000000004,0.003450628785341794,0.028149227481102032,0.21396910978215086
10,flat_train:flat:27110,flat_train,flat,27110,energy,0.15,0.15,0.7,True,True,True,True,0.2066398466211281,0.011429106355070662,0.5331762958885133,3,3,2,158.41734024510424,6.962,0.0037436756416355872,0.02798818675473493,0.2156119093956316
11,flat_train:flat:27111,flat_train,flat,27111,balanced,0.3333333333333333,0.3333333333333333,0.3333333333333333,True,True,True,True,0.20316768653073153,0.011344575724625135,0.5386773192398534,2,2,3,160.05180429511094,6.958,0.0037381293262681655,0.027884493144357387,0.2183006124023129
11,flat_train:flat:27111,flat_train,flat,27111,motion,0.7,0.15,0.15,True,True,True,True,0.19825580853955435,0.011154688255706846,0.5441999584682418,1,1,4,161.69269085447417,6.955999999999999,0.0038202305796449613,0.02765014067372625,0.2224442953572554
11,flat_train:flat:27111,flat_train,flat,27111,stability,0.15,0.7,0.15,True,True,True,True,0.20847993643569698,0.01152422144470383,0.5251980346888899,4,4,1,160.6364522095558,7.178000000000001,0.0034724852989148074,0.02810440688899792,0.2139617744726794
11,flat_train:flat:27111,flat_train,flat,27111,energy,0.15,0.15,0.7,True,True,True,True,0.20670640424647038,0.011458855911324839,0.5348920715715624,3,3,2,163.601458910968,7.153999999999999,0.0037149928189551536,0.02802458925037403,0.2154507112077305
12,flat_train:flat:27112,flat_train,flat,27112,balanced,0.3333333333333333,0.3333333333333333,0.3333333333333333,True,True,True,True,0.20315048976337174,0.01134025865273791,0.5398882432083011,2,2,3,160.4115940228235,6.942000000000001,0.003813853638726512,0.027879186987279817,0.21830704282311836
12,flat_train:flat:27112,flat_train,flat,27112,motion,0.7,0.15,0.15,True,True,True,True,0.198720912340578,0.011222948523588556,0.5412167918833207,1,1,4,160.80633240317857,6.966000000000002,0.0037690485494832077,0.02773461330504152,0.2224379839266048
12,flat_train:flat:27112,flat_train,flat,27112,stability,0.15,0.7,0.15,True,True,True,True,0.20872493375494489,0.01146278625955931,0.5318011347611012,4,4,1,162.6560686192269,7.146000000000002,0.003575540589546803,0.028029395289242958,0.2139791225322655
12,flat_train:flat:27112,flat_train,flat,27112,energy,0.15,0.15,0.7,True,True,True,True,0.20712747447685798,0.011446548861887082,0.5319637589689474,3,3,2,162.70580866786833,7.156000000000003,0.0036909817914558348,0.028009535579820055,0.21544418051838873
13,flat_train:flat:27113,flat_train,flat,27113,balanced,0.3333333333333333,0.3333333333333333,0.3333333333333333,True,True,True,True,0.20367704622730012,0.011178079513702087,0.5336556537223809,2,1,3,158.55976704399333,6.953999999999999,0.0037454091425128634,0.027679116618490453,0.21831327764426964
13,flat_train:flat:27113,flat_train,flat,27113,motion,0.7,0.15,0.15,True,True,True,True,0.19822918114377214,0.011230144000408367,0.5447735352303588,1,2,4,161.8631119811853,6.958000000000001,0.0037991788510703577,0.027743502450724704,0.22244548503966893
13,flat_train:flat:27113,flat_train,flat,27113,stability,0.15,0.7,0.15,True,True,True,True,0.20802844257175818,0.01149577633119367,0.52668784843944,4,4,1,161.09212488830667,7.155999999999999,0.003504245125843535,0.028069700515915966,0.21396789572068622
13,flat_train:flat:27113,flat_train,flat,27113,energy,0.15,0.15,0.7,True,True,True,True,0.20666031099829776,0.011447181931646472,0.53356006919859,3,3,2,163.19405423426213,7.152,0.0036720144591659643,0.02801031034287599,0.21545056881649152
14,flat_train:flat:27114,flat_train,flat,27114,balanced,0.3333333333333333,0.3333333333333333,0.3333333333333333,True,True,True,True,0.20328787835881776,0.011348344572162406,0.5383290486249108,2,2,3,159.94832613051474,6.958,0.003748459870526269,0.02788912474245846,0.21829619964256008
14,flat_train:flat:27114,flat_train,flat,27114,motion,0.7,0.15,0.15,True,True,True,True,0.19845979969033284,0.01115823837550375,0.5453652245057256,1,1,4,162.03891469780638,6.9380000000000015,0.0038815696920657975,0.02765454032039231,0.22244897331385055
14,flat_train:flat:27114,flat_train,flat,27114,stability,0.15,0.7,0.15,True,True,True,True,0.20851839042406653,0.01137361983371018,0.5237216763830551,4,3,1,160.18489499727514,7.132000000000001,0.003515690318330769,0.027920164923929364,0.21399130868060248
14,flat_train:flat:27114,flat_train,flat,27114,energy,0.15,0.15,0.7,True,True,True,True,0.2058177996438252,0.01154011984588695,0.5333034075361279,3,4,2,163.1155520005275,7.148000000000001,0.0037066271472728134,0.02812378620021389,0.21545220511300225
15,flat_train:flat:27115,flat_train,flat,27115,balanced,0.3333333333333333,0.3333333333333333,0.3333333333333333,True,True,True,True,0.20313691726796257,0.011231403341328987,0.5368798356117361,2,2,3,159.5177359621856,6.954000000000002,0.003753419605499107,0.02774505812930714,0.21831363571040774
15,flat_train:flat:27115,flat_train,flat,27115,motion,0.7,0.15,0.15,True,True,True,True,0.19856969047869244,0.011209201391908272,0.543621534955964,1,1,4,161.52082966136248,6.962,0.0038270799528176565,0.02771762180179387,0.22243917558123086
15,flat_train:flat:27115,flat_train,flat,27115,stability,0.15,0.7,0.15,True,True,True,True,0.20830776305207352,0.011567663899946663,0.5279277547289308,4,4,1,161.47136116540756,7.168000000000002,0.003437873936790582,0.028157329076078395,0.2139686090392726
15,flat_train:flat:27115,flat_train,flat,27115,energy,0.15,0.15,0.7,True,True,True,True,0.20643330498022344,0.011462355140740569,0.5321067565457254,3,3,2,162.74954573825124,7.158,0.0036656852678054017,0.028028867702293094,0.21545330034834997
16,flat_train:flat:27116,flat_train,flat,27116,balanced,0.3333333333333333,0.3333333333333333,0.3333333333333333,True,True,True,True,0.2029698577960702,0.011415495762404134,0.5358428073680077,2,2,3,159.20961413194416,6.968000000000001,0.0036458956163267268,0.027971516730800765,0.21829250069225536
16,flat_train:flat:27116,flat_train,flat,27116,motion,0.7,0.15,0.15,True,True,True,True,0.19864074612357752,0.011147598932430539,0.5377098745329717,1,1,4,159.7643571252344,6.979999999999998,0.0037689727482883204,0.02764135285409735,0.22241872369366536
16,flat_train:flat:27116,flat_train,flat,27116,stability,0.15,0.7,0.15,True,True,True,True,0.20843107103799563,0.011515581602858404,0.5258374985649394,4,3,1,160.83203787739936,7.163999999999999,0.0034926434551903656,0.028093869669166174,0.21397086905581608
16,flat_train:flat:27116,flat_train,flat,27116,energy,0.15,0.15,0.7,True,True,True,True,0.20693989969954468,0.011519674417583605,0.5297673866003122,3,4,2,162.03402880251207,7.169999999999999,0.003652681376342496,0.02809886185203658,0.21542896490011898
17,flat_train:flat:27117,flat_train,flat,27117,balanced,0.3333333333333333,0.3333333333333333,0.3333333333333333,True,True,True,True,0.2031170081012406,0.011333191228952252,0.5368471043173095,2,2,3,159.50801084003402,6.95,0.003768462093633437,0.027870498536004786,0.21829798515228666
17,flat_train:flat:27117,flat_train,flat,27117,motion,0.7,0.15,0.15,True,True,True,True,0.19856032766351084,0.011188735855540864,0.5435178539779204,1,1,4,161.49002396931968,6.962000000000001,0.003826083934465695,0.02769230707048247,0.22244081865338722
17,flat_train:flat:27117,flat_train,flat,27117,stability,0.15,0.7,0.15,True,True,True,True,0.2084080524227939,0.011376305027443523,0.5287186003481877,4,3,1,161.71324827490167,7.153999999999999,0.003476300943796148,0.027923460739445807,0.21398497930594854
17,flat_train:flat:27117,flat_train,flat,27117,energy,0.15,0.15,0.7,True,True,True,True,0.20650600012789497,0.011492265555327915,0.5335824301082002,3,4,2,163.2008935157345,7.147999999999999,0.003704422110092169,0.02806541394170364,0.21545129865407944
18,low_friction_train:low_friction:27200,low_friction_train,low_friction,27200,balanced,0.3333333333333333,0.3333333333333333,0.3333333333333333,True,True,True,True,0.20462128945075123,0.009825322868277425,0.5793831967885642,2,2,3,172.14633457212466,6.953999999999999,0.005222788860916446,0.025950279717661853,0.2188967320848914
18,low_friction_train:low_friction:27200,low_friction_train,low_friction,27200,motion,0.7,0.15,0.15,True,True,True,True,0.20083969493220918,0.009534826143187463,0.588925455449709,1,1,4,174.98153045139807,6.969999999999999,0.005583326994205066,0.025563776682315475,0.22304485953029468
18,low_friction_train:low_friction:27200,low_friction_train,low_friction,27200,stability,0.15,0.7,0.15,True,True,True,True,0.20966806850134403,0.009991276654595453,0.5742064052531155,4,3,1,175.62609469873962,7.149999999999998,0.005241115732738941,0.02616851765321885,0.21468056299856733
18,low_friction_train:low_friction:27200,low_friction_train,low_friction,27200,energy,0.15,0.15,0.7,True,True,True,True,0.20830627989404676,0.01002611247089111,0.5775501856754942,3,4,2,176.64881943977346,7.160000000000003,0.005150230251177031,0.026214097562787978,0.21589046114257407
19,low_friction_train:low_friction:27201,low_friction_train,low_friction,27201,balanced,0.3333333333333333,0.3333333333333333,0.3333333333333333,True,True,True,True,0.20529884103633927,0.010278273185378417,0.5802735532778973,2,4,3,172.41087729091726,6.944000000000002,0.00529182341032823,0.026541697949009648,0.21891312073258792
19,low_friction_train:low_friction:27201,low_friction_train,low_friction,27201,motion,0.7,0.15,0.15,True,True,True,True,0.20024531317122662,0.009318837823557066,0.5819514871584712,1,1,4,172.90942500302947,6.9399999999999995,0.0055051716153604125,0.02527257567277237,0.22307126053115905
19,low_friction_train:low_friction:27201,low_friction_train,low_friction,27201,stability,0.15,0.7,0.15,True,True,True,True,0.20950777987520142,0.010149988625957437,0.5723677061472966,4,3,1,175.06371235621123,7.1599999999999975,0.005178425780614227,0.026375542667179796,0.2146801306945937
19,low_friction_train:low_friction:27201,low_friction_train,low_friction,27201,energy,0.15,0.15,0.7,True,True,True,True,0.20872931837893444,0.010064643397847418,0.5730427352006183,3,2,2,175.2701759472797,7.171999999999999,0.005158183813022506,0.026264420381151832,0.2158813754149846
20,low_friction_train:low_friction:27202,low_friction_train,low_friction,27202,balanced,0.3333333333333333,0.3333333333333333,0.3333333333333333,True,True,True,True,0.20453458363307475,0.010479060268557949,0.5767122995801454,2,4,3,171.35275759751315,6.952,0.005634559760014169,0.026799691528918743,0.21891479575458694
20,low_friction_train:low_friction:27202,low_friction_train,low_friction,27202,motion,0.7,0.15,0.15,True,True,True,True,0.20094982996709695,0.00942427573209215,0.5907496814882871,1,1,4,175.52354448927986,6.962000000000002,0.005448559657192057,0.02541514652856206,0.22305745315902376
20,low_friction_train:low_friction:27202,low_friction_train,low_friction,27202,stability,0.15,0.7,0.15,True,True,True,True,0.20969770187952075,0.010179661508048169,0.5699717617738637,4,3,1,174.33089163256227,7.1640000000000015,0.005129082491455762,0.026414068222837105,0.2146709159229483
20,low_friction_train:low_friction:27202,low_friction_train,low_friction,27202,energy,0.15,0.15,0.7,True,True,True,True,0.20806741248731359,0.009893112186897451,0.5746090441972828,3,2,2,175.74924537189614,7.134000000000001,0.005158981877127278,0.026039647005058935,0.21591399197067537
21,low_friction_train:low_friction:27203,low_friction_train,low_friction,27203,balanced,0.3333333333333333,0.3333333333333333,0.3333333333333333,True,True,True,True,0.2051660042955439,0.010489815208202413,0.5783516337856364,2,4,3,171.8398365742218,6.9979999999999976,0.0055606137204493285,0.02681344063275877,0.21888600004946485
21,low_friction_train:low_friction:27203,low_friction_train,low_friction,27203,motion,0.7,0.15,0.15,True,True,True,True,0.2008279687493115,0.009906798874084879,0.5848622450851167,1,1,4,173.77426939388536,6.934000000000001,0.005338937331498553,0.026057653068427167,0.22307501084664294
21,low_friction_train:low_friction:27203,low_friction_train,low_friction,27203,stability,0.15,0.7,0.15,True,True,True,True,0.20959891024378532,0.010130367793463766,0.5743670350505682,4,3,1,175.67522473936748,7.161999999999999,0.005182397186865122,0.026350037516202407,0.2146773839848382
21,low_friction_train:low_friction:27203,low_friction_train,low_friction,27203,energy,0.15,0.15,0.7,True,True,True,True,0.20792873880643442,0.009909754532117909,0.5765532120546015,3,2,2,176.34388626251672,7.142000000000001,0.005131620741783217,0.026061539942875134,0.2159079937849726
22,low_friction_train:low_friction:27204,low_friction_train,low_friction,27204,balanced,0.3333333333333333,0.3333333333333333,0.3333333333333333,True,True,True,True,0.20460921884859476,0.009895681882400071,0.5826853726388169,2,3,3,173.12747705586338,6.9700000000000015,0.005533167056586305,0.026043028695088104,0.21888643200783173
22,low_friction_train:low_friction:27204,low_friction_train,low_friction,27204,motion,0.7,0.15,0.15,True,True,True,True,0.2008462161885782,0.0093277398914946,0.5864152938493978,1,1,4,174.23571124042954,6.936000000000001,0.005255637015483492,0.025284643728461984,0.22306329954196427
22,low_friction_train:low_friction:27204,low_friction_train,low_friction,27204,stability,0.15,0.7,0.15,True,True,True,True,0.20987835998240773,0.010126642721554797,0.5694982056757629,4,4,1,174.18605032224372,7.152,0.0050077983805796086,0.026345192134168083,0.21467643942151754
22,low_friction_train:low_friction:27204,low_friction_train,low_friction,27204,energy,0.15,0.15,0.7,True,True,True,True,0.20863619770286565,0.00979894001835834,0.5769466556529914,3,2,2,176.4642244580458,7.14,0.005013527936257823,0.025915415378921187,0.2159091431753976
23,low_friction_train:low_friction:27205,low_friction_train,low_friction,27205,balanced,0.3333333333333333,0.3333333333333333,0.3333333333333333,True,True,True,True,0.2049885757666255,0.009825794702007604,0.5816303011004338,2,2,3,172.8139942019408,6.954,0.005229906170655224,0.025950902599332748,0.21890421246781072
23,low_friction_train:low_friction:27205,low_friction_train,low_friction,27205,motion,0.7,0.15,0.15,True,True,True,True,0.20069524383188408,0.009539039567098046,0.5882320089804332,1,1,4,174.77549363747337,6.974000000000001,0.005553530452691546,0.025569424421410164,0.22304771787980024
23,low_friction_train:low_friction:27205,low_friction_train,low_friction,27205,stability,0.15,0.7,0.15,True,True,False,False,0.2093763941859333,0.010240765618385377,0.576084156998471,4,4,2,176.20042163559287,7.1739999999999995,0.00524660923152808,0.026493225414906563,0.21467307171651293
23,low_friction_train:low_friction:27205,low_friction_train,low_friction,27205,energy,0.15,0.15,0.7,True,True,True,True,0.20830610485568224,0.009886845242575397,0.5708933707715426,3,3,1,174.61277387494204,7.157999999999999,0.005184548771637182,0.0260313981130002,0.21588590841208188
24,low_friction_train:low_friction:27206,low_friction_train,low_friction,27206,balanced,0.3333333333333333,0.3333333333333333,0.3333333333333333,True,True,True,True,0.20458853532104512,0.009697457667068744,0.5842614959433102,2,2,3,173.5957748097612,6.964000000000002,0.005566012514647562,0.02578087042048931,0.21889013779513977
24,low_friction_train:low_friction:27206,low_friction_train,low_friction,27206,motion,0.7,0.15,0.15,True,True,True,True,0.20032333188858428,0.009254341602301147,0.5846346376988798,1,1,4,173.70664268762363,6.916000000000002,0.0052415825155181575,0.025184967131977237,0.22307464291944226
24,low_friction_train:low_friction:27206,low_friction_train,low_friction,27206,stability,0.15,0.7,0.15,True,True,True,True,0.2094738077697243,0.00984687640843817,0.5699713817506471,4,3,2,174.33077539910897,7.128000000000001,0.00504930707651001,0.025978727262197486,0.21469196104577606
24,low_friction_train:low_friction:27206,low_friction_train,low_friction,27206,energy,0.15,0.15,0.7,True,True,True,True,0.20846591161657413,0.010038294736575568,0.5683442547981582,3,4,1,173.83310426616725,7.1499999999999995,0.004955593653224928,0.026230018568087037,0.2158886942906039
25,low_friction_train:low_friction:27207,low_friction_train,low_friction,27207,balanced,0.3333333333333333,0.3333333333333333,0.3333333333333333,True,True,True,True,0.20456303978842474,0.009755941893743316,0.5774195104217932,2,2,3,171.56288408173657,6.9380000000000015,0.005223575002753544,0.025858494007043327,0.21891322648700548
25,low_friction_train:low_friction:27207,low_friction_train,low_friction,27207,motion,0.7,0.15,0.15,True,True,True,True,0.20021575934542515,0.009494949549885218,0.5888004202317524,1,1,4,174.94437998762388,6.956000000000004,0.005563711772617269,0.025510264457078224,0.22305517932947944
25,low_friction_train:low_friction:27207,low_friction_train,low_friction,27207,stability,0.15,0.7,0.15,True,True,False,False,0.20897837641941314,0.0101643077234699,0.5766682057424554,4,4,2,176.37905809642174,7.154000000000001,0.005347884007810698,0.026394140880314297,0.21468298903533392
25,low_friction_train:low_friction:27207,low_friction_train,low_friction,27207,energy,0.15,0.15,0.7,True,True,True,True,0.20846806088963618,0.010029329811412175,0.571743850788728,3,3,1,174.87290069113763,7.176000000000001,0.005134521475704446,0.026218303305393008,0.21587513517056195
26,low_friction_train:low_friction:27208,low_friction_train,low_friction,27208,balanced,0.3333333333333333,0.3333333333333333,0.3333333333333333,True,True,True,True,0.20459748562977567,0.010545838397207168,0.5790807369332468,2,4,3,172.05646770036049,6.9700000000000015,0.0055755198304046774,0.026884946748973508,0.21888870443491376
26,low_friction_train:low_friction:27208,low_friction_train,low_friction,27208,motion,0.7,0.15,0.15,True,True,True,True,0.200439142512772,0.00935832749923776,0.5880694231664289,1,1,4,174.72718614065707,6.944,0.005366230643772811,0.02532606662858232,0.22306392306790632
26,low_friction_train:low_friction:27208,low_friction_train,low_friction,27208,stability,0.15,0.7,0.15,True,True,True,True,0.2097503974129181,0.01014182526379081,0.574725089501257,4,3,1,175.78473885186898,7.154000000000001,0.005173652643137505,0.026364934119672768,0.21468420686466352
26,low_friction_train:low_friction:27208,low_friction_train,low_friction,27208,energy,0.15,0.15,0.7,True,True,True,True,0.20796054061875022,0.009966568747583041,0.5781265639404678,3,2,2,176.82510981692784,7.144000000000003,0.0051604144478086585,0.026136140718166,0.2159074729681015
27,low_friction_train:low_friction:27209,low_friction_train,low_friction,27209,balanced,0.3333333333333333,0.3333333333333333,0.3333333333333333,True,True,True,True,0.20441020530422319,0.010461651705452248,0.5813084525564449,2,4,3,172.7183665630273,6.958,0.0055533496199456,0.02677742172609985,0.21890649199485782
27,low_friction_train:low_friction:27209,low_friction_train,low_friction,27209,motion,0.7,0.15,0.15,True,True,True,True,0.20076352289559485,0.009443648409142143,0.5891902016457071,1,1,4,175.06019184076106,6.9540000000000015,0.005404285175426778,0.025441255068751063,0.2230567937826409
27,low_friction_train:low_friction:27209,low_friction_train,low_friction,27209,stability,0.15,0.7,0.15,True,True,True,True,0.20969307975392004,0.010001126373158928,0.5733365782588142,4,3,1,175.36005043891402,7.162000000000001,0.005241161332420823,0.026181413146107835,0.21467439281088962
27,low_friction_train:low_friction:27209,low_friction_train,low_friction,27209,energy,0.15,0.15,0.7,True,True,True,True,0.20788507351775284,0.009933722187533162,0.576713181508388,3,2,2,176.39281433120865,7.142000000000001,0.005124116390542368,0.026093037047162357,0.21590727305838042
28,low_friction_train:low_friction:27210,low_friction_train,low_friction,27210,balanced,0.3333333333333333,0.3333333333333333,0.3333333333333333,True,True,True,True,0.20484188494377598,0.010188333684441745,0.5791411538918434,2,4,2,172.07441878700925,6.934000000000001,0.005264819491981738,0.02642531683636983,0.21892150298637506
28,low_friction_train:low_friction:27210,low_friction_train,low_friction,27210,motion,0.7,0.15,0.15,True,True,True,True,0.2002538659888096,0.009522785690878176,0.5906190361053061,1,1,4,175.48472713328192,6.9559999999999995,0.005552696117592917,0.025547630781014262,0.22305369815405673
28,low_friction_train:low_friction:27210,low_friction_train,low_friction,27210,stability,0.15,0.7,0.15,True,True,True,True,0.20964746495584716,0.01010263829985664,0.5744979308250399,4,2,1,175.7152603667529,7.152,0.005167805735819279,0.026313949147250534,0.21468857037169592
28,low_friction_train:low_friction:27210,low_friction_train,low_friction,27210,energy,0.15,0.15,0.7,True,True,True,True,0.2080404710802221,0.010156057553444628,0.5797235849819431,3,3,3,177.31357279139152,7.172000000000001,0.005132508528204081,0.026383426868532185,0.21588434298123635
29,low_friction_train:low_friction:27211,low_friction_train,low_friction,27211,balanced,0.3333333333333333,0.3333333333333333,0.3333333333333333,True,True,True,True,0.20446134470129587,0.009747862919850395,0.5806980947784637,2,1,3,172.53701706093705,6.940000000000001,0.00521537353530422,0.025847784904989467,0.21891134021913305
29,low_friction_train:low_friction:27211,low_friction_train,low_friction,27211,motion,0.7,0.15,0.15,True,True,True,True,0.20106396049075906,0.010029514488712836,0.5835430106071957,1,4,4,173.38229844775844,6.948000000000001,0.005325109196044024,0.0262185447485742,0.22306117183145358
29,low_friction_train:low_friction:27211,low_friction_train,low_friction,27211,stability,0.15,0.7,0.15,True,True,True,True,0.2097241747402391,0.009985390075706237,0.5676312579789478,4,3,1,173.6150278989499,7.146,0.005062639340316268,0.026160807478133773,0.21467469543218612
29,low_friction_train:low_friction:27211,low_friction_train,low_friction,27211,energy,0.15,0.15,0.7,True,True,True,True,0.20843874432766274,0.00986859225682999,0.5777573721396094,3,2,2,176.71218924762323,7.152,0.005153691425856071,0.026007357989992503,0.2159020224639348
30,low_friction_train:low_friction:27212,low_friction_train,low_friction,27212,balanced,0.3333333333333333,0.3333333333333333,0.3333333333333333,True,True,True,True,0.20468905934065096,0.009687922803953444,0.5839893787703005,2,1,4,173.5149233557194,6.959999999999998,0.005544096909483946,0.02576819276525894,0.21889978024889442
30,low_friction_train:low_friction:27212,low_friction_train,low_friction,27212,motion,0.7,0.15,0.15,True,True,True,True,0.20121248563575864,0.010067859840391795,0.5833688475242818,1,3,3,173.33055111282087,6.95,0.005331653402706512,0.0262686171308274,0.22306151166558266
30,low_friction_train:low_friction:27212,low_friction_train,low_friction,27212,stability,0.15,0.7,0.15,True,True,False,False,0.2092551510788613,0.010211312805481697,0.578204229058469,4,4,2,176.84886437843065,7.160000000000001,0.00534717311012248,0.026455100678356585,0.2146782544681004
30,low_friction_train:low_friction:27212,low_friction_train,low_friction,27212,energy,0.15,0.15,0.7,True,True,True,True,0.2081028493063949,0.010055225323120521,0.5774910151033344,3,2,1,176.6307215982753,7.162000000000003,0.00539248771094741,0.026252129049586924,0.21589921861886982
31,low_friction_train:low_friction:27213,low_friction_train,low_friction,27213,balanced,0.3333333333333333,0.3333333333333333,0.3333333333333333,True,True,True,True,0.2044655909416028,0.009693519702828755,0.5769465532737704,2,2,3,171.42235905461624,6.936000000000001,0.005189569791335661,0.02577563508454822,0.21891677427817793
31,low_friction_train:low_friction:27213,low_friction_train,low_friction,27213,motion,0.7,0.15,0.15,True,True,True,True,0.20074042915448786,0.009486420992798707,0.5887834579677279,1,1,4,174.93934015976205,6.950000000000002,0.005430659483499996,0.025498804690140094,0.2230552014182596
31,low_friction_train:low_friction:27213,low_friction_train,low_friction,27213,stability,0.15,0.7,0.15,True,True,True,True,0.20974055513887513,0.009941466431421797,0.5729554537270349,4,3,1,175.2434801385866,7.151999999999998,0.005369223373133415,0.02610320605616573,0.21468436083623343
31,low_friction_train:low_friction:27213,low_friction_train,low_friction,27213,energy,0.15,0.15,0.7,True,True,True,True,0.20823091189659948,0.009947716101209767,0.5748251671579746,3,4,2,175.81534848606177,7.144000000000001,0.0049642651388175545,0.026111409540377543,0.21589700683951377
32,low_friction_train:low_friction:27214,low_friction_train,low_friction,27214,balanced,0.3333333333333333,0.3333333333333333,0.3333333333333333,True,True,True,True,0.2046194575135153,0.009831708486016989,0.5796539478931109,2,2,3,172.22678013990677,6.948000000000001,0.00536971812010726,0.025958711027606267,0.2189125846414005
32,low_friction_train:low_friction:27214,low_friction_train,low_friction,27214,motion,0.7,0.15,0.15,True,True,True,True,0.20005705866474588,0.009500868751194744,0.5898298399594554,1,1,4,175.25024117559508,6.954,0.00556746438682162,0.025518214529364557,0.22305496418300796
32,low_friction_train:low_friction:27214,low_friction_train,low_friction,27214,stability,0.15,0.7,0.15,True,True,True,True,0.20954645351177206,0.010134217623053639,0.5639327932794751,4,4,1,172.4838198427402,7.124000000000004,0.0052698870622773265,0.026355043668727325,0.21470359374369896
32,low_friction_train:low_friction:27214,low_friction_train,low_friction,27214,energy,0.15,0.15,0.7,True,True,True,True,0.20823144763109552,0.010007969835009511,0.5762924187364625,3,3,2,176.26412032544377,7.160000000000002,0.0051593150669370065,0.026190369190356177,0.2158913091037955
33,low_friction_train:low_friction:27215,low_friction_train,low_friction,27215,balanced,0.3333333333333333,0.3333333333333333,0.3333333333333333,True,True,True,True,0.2049203389171663,0.009616030793532584,0.580985353249129,2,2,3,172.62236729731595,6.956,0.005303442837968076,0.02567240488083844,0.218901366871946
33,low_friction_train:low_friction:27215,low_friction_train,low_friction,27215,motion,0.7,0.15,0.15,True,True,True,True,0.2005766987503753,0.009447410785635699,0.5893370276013766,1,1,4,175.1038167684922,6.950000000000001,0.00540089478548882,0.02544632256219884,0.22305836633724327
33,low_friction_train:low_friction:27215,low_friction_train,low_friction,27215,stability,0.15,0.7,0.15,True,True,True,True,0.20960730091712854,0.01005749909239427,0.5736019415550899,4,4,1,175.4412141441164,7.134000000000001,0.005009149484824342,0.02625509703168651,0.21468808674386566
33,low_friction_train:low_friction:27215,low_friction_train,low_friction,27215,energy,0.15,0.15,0.7,True,True,True,True,0.20816253871366877,0.010013427387993724,0.5776329671808651,3,3,2,176.67413889349,7.156000000000002,0.005152406271308535,0.026197509352404277,0.21589159412043438
34,low_friction_train:low_friction:27216,low_friction_train,low_friction,27216,balanced,0.3333333333333333,0.3333333333333333,0.3333333333333333,True,True,True,True,0.205565331759873,0.009799896652995055,0.5783154597530307,2,1,3,171.82908854570752,6.9879999999999995,0.005240336129460071,0.02591668046294864,0.21888983144479637
34,low_friction_train:low_friction:27216,low_friction_train,low_friction,27216,motion,0.7,0.15,0.15,True,True,True,True,0.2010361681512723,0.009973333613470133,0.5853108243474187,1,2,4,173.90755126363644,6.947999999999998,0.00531022017421587,0.026145009193075202,0.22306429235374226
34,low_friction_train:low_friction:27216,low_friction_train,low_friction,27216,stability,0.15,0.7,0.15,True,True,True,True,0.209705545032292,0.01009174444088387,0.5744641471307732,4,4,1,175.70492732582147,7.153999999999999,0.005159251221569694,0.026299758030385915,0.21468395007508143
34,low_friction_train:low_friction:27216,low_friction_train,low_friction,27216,energy,0.15,0.15,0.7,True,True,True,True,0.20855412258786274,0.010028013122010352,0.5774709486973251,3,3,2,176.62458411097143,7.167999999999999,0.005131277470265123,0.02621658219232991,0.21588965394667217
35,low_friction_train:low_friction:27217,low_friction_train,low_friction,27217,balanced,0.3333333333333333,0.3333333333333333,0.3333333333333333,True,True,True,True,0.20446229672421226,0.009721646411728683,0.5793847512903714,2,2,3,172.14679644569927,6.942,0.005210926783824999,0.025813003122115676,0.2189133094075848
35,low_friction_train:low_friction:27217,low_friction_train,low_friction,27217,motion,0.7,0.15,0.15,True,True,True,True,0.2003197233281753,0.009315531641802549,0.5838351191857889,1,1,4,173.46908974819763,6.934000000000001,0.005393482889682599,0.025268092005127637,0.22307055715252375
35,low_friction_train:low_friction:27217,low_friction_train,low_friction,27217,stability,0.15,0.7,0.15,True,True,True,True,0.20979911863875625,0.010001221818782081,0.5717301264879845,4,4,1,174.86870299267932,7.163999999999999,0.005242104668543345,0.026181538173008185,0.21467574715614318
35,low_friction_train:low_friction:27217,low_friction_train,low_friction,27217,energy,0.15,0.15,0.7,True,True,True,True,0.20820929495731683,0.00997510311228036,0.5771429053391489,3,3,2,176.5242491558729,7.160000000000003,0.005130939875559069,0.026147328603752087,0.2158900671345847
36,rough_train:rough_perlin:0,rough_train,rough_perlin,0,balanced,0.3333333333333333,0.3333333333333333,0.3333333333333333,True,True,True,True,0.21484144719706133,0.13358384499419315,0.6854387068821252,2,3,3,215.63740331377784,7.362000000000001,0.011692512955361101,0.0956720500588919,0.21090515174178617
36,rough_train:rough_perlin:0,rough_train,rough_perlin,0,motion,0.7,0.15,0.15,True,True,True,True,0.20794800369503644,0.13599846919170827,0.7089098330813055,1,4,4,216.8263264543748,7.1720000000000015,0.01165866634295348,0.09653403548352221,0.21565487093159133
36,rough_train:rough_perlin:0,rough_train,rough_perlin,0,stability,0.15,0.7,0.15,True,True,True,True,0.21827155989486288,0.13334014312907722,0.6849586370113652,3,2,2,215.48637446276538,7.354,0.01230641020516141,0.09551467266535624,0.20810540682739684
36,rough_train:rough_perlin:0,rough_train,rough_perlin,0,energy,0.15,0.15,0.7,True,True,True,True,0.21989339014891546,0.1314315718463249,0.6789299180066846,4,1,1,219.52280237130162,7.5600000000000005,0.012493614711361286,0.09482501266180014,0.20698130500087564
37,rough_train:rough_perlin:4,rough_train,rough_perlin,4,balanced,0.3333333333333333,0.3333333333333333,0.3333333333333333,True,True,True,True,0.22564654226904068,0.04720935822506088,0.610628647796401,2,3,3,197.43851083484688,7.574,0.0055247147563678035,0.05688302362037694,0.21042044442650434
37,rough_train:rough_perlin:4,rough_train,rough_perlin,4,motion,0.7,0.15,0.15,True,True,True,True,0.21905406490512652,0.04638718498683888,0.6199948002398501,1,1,4,195.0489043723599,7.364000000000002,0.005258843945211381,0.056385266168934016,0.21517668215350974
37,rough_train:rough_perlin:4,rough_train,rough_perlin,4,stability,0.15,0.7,0.15,True,True,True,True,0.22718016906347374,0.04743024427250133,0.6064735509589999,3,4,1,196.095016495183,7.573999999999996,0.00563683177893111,0.057015941786630296,0.20768476619913773
37,rough_train:rough_perlin:4,rough_train,rough_perlin,4,energy,0.15,0.15,0.7,True,True,True,True,0.2278528825238981,0.04688955731388799,0.6079181734235153,4,2,2,196.5621156218646,7.554,0.00551315967687051,0.05669003116183702,0.206706073018093
38,rough_train:rough_perlin:5,rough_train,rough_perlin,5,balanced,0.3333333333333333,0.3333333333333333,0.3333333333333333,True,True,True,True,0.22082356176106976,0.08836034737508057,0.6653351990381745,2,3,3,209.31288707995333,7.360000000000002,0.00739052519169368,0.07775200297814336,0.21012811985694702
38,rough_train:rough_perlin:5,rough_train,rough_perlin,5,motion,0.7,0.15,0.15,True,True,True,True,0.21385985895033083,0.08957685849857537,0.6672656530977412,1,4,4,204.0890866212161,7.1579999999999995,0.007366371534991041,0.07829208411810702,0.21507915858711513
38,rough_train:rough_perlin:5,rough_train,rough_perlin,5,stability,0.15,0.7,0.15,True,True,True,True,0.22602864441196968,0.08699247237087052,0.6404214448049709,3,2,2,207.07160862055406,7.558,0.005665826126957235,0.0771869042063481,0.20745617069203307
38,rough_train:rough_perlin:5,rough_train,rough_perlin,5,energy,0.15,0.15,0.7,True,True,True,True,0.22816215280281466,0.08586610099553049,0.6272470531809756,4,1,1,202.8118473519279,7.552000000000003,0.0055935802603194135,0.07669196906478265,0.206060376268736
39,rough_train:rough_perlin:6,rough_train,rough_perlin,6,balanced,0.3333333333333333,0.3333333333333333,0.3333333333333333,True,True,True,True,0.2258066011287321,0.0488415235678272,0.6004430784594766,2,1,3,194.14514481092266,7.577999999999999,0.006236383020909526,0.057835462059278,0.21034160801083657
39,rough_train:rough_perlin:6,rough_train,rough_perlin,6,motion,0.7,0.15,0.15,True,True,True,True,0.2184620551464624,0.04962045371691317,0.6090824894577284,1,3,4,191.61591709343415,7.358,0.006320658038630369,0.05831083503386313,0.21514694351289007
39,rough_train:rough_perlin:6,rough_train,rough_perlin,6,stability,0.15,0.7,0.15,True,True,True,True,0.22810132156550697,0.04922665943657446,0.5938048276181309,3,2,2,191.99875622369663,7.535999999999999,0.006360235568982746,0.05807730235052849,0.20764274605726069
39,rough_train:rough_perlin:6,rough_train,rough_perlin,6,energy,0.15,0.15,0.7,True,True,True,True,0.23307213074735975,0.05119604807489681,0.5927403066531554,4,4,1,196.83441068653266,7.765999999999999,0.006170848751711981,0.059229429237712086,0.20640811543531812
40,rough_train:rough_perlin:7,rough_train,rough_perlin,7,balanced,0.3333333333333333,0.3333333333333333,0.3333333333333333,True,True,True,True,0.211820493583172,0.10137094718526572,0.6869595419858322,2,1,3,216.11585445658474,7.344000000000002,0.006585017279630594,0.08331227776724673,0.21132164930717814
40,rough_train:rough_perlin:7,rough_train,rough_perlin,7,motion,0.7,0.15,0.15,True,True,True,True,0.20485193637222543,0.10633686431614815,0.7030936500629633,1,4,4,215.04739556781615,7.15,0.005475723813060417,0.085371036450371,0.21608954604182928
40,rough_train:rough_perlin:7,rough_train,rough_perlin,7,stability,0.15,0.7,0.15,True,True,True,True,0.21673001358254324,0.10168247956264814,0.6675731556739926,3,2,2,210.01694296829356,7.370000000000004,0.005320282906670626,0.08348177714168008,0.2084892824602624
40,rough_train:rough_perlin:7,rough_train,rough_perlin,7,energy,0.15,0.15,0.7,True,True,True,True,0.2173333494829274,0.10449481728712266,0.6662310929407952,4,3,1,209.59473319232794,7.368,0.005461064055153291,0.0846283751598094,0.20754927245693075
41,rough_train:rough_perlin:8,rough_train,rough_perlin,8,balanced,0.3333333333333333,0.3333333333333333,0.3333333333333333,True,True,False,False,0.20938024378506068,0.11017182240454054,0.6903199346825394,2,3,4,211.14044202892597,7.177999999999998,0.006841431796249803,0.08689672025020556,0.21062892779707906
41,rough_train:rough_perlin:8,rough_train,rough_perlin,8,motion,0.7,0.15,0.15,True,True,True,True,0.20409264731177143,0.10932212449703907,0.6855611109038524,1,2,2,203.69391625687794,6.950000000000002,0.007255148706127773,0.08654729238043886,0.2155985686051495
41,rough_train:rough_perlin:8,rough_train,rough_perlin,8,stability,0.15,0.7,0.15,True,True,True,True,0.21193956224657548,0.10899986236106145,0.6876311077049715,3,1,3,210.3180405769904,7.144000000000001,0.006564946950778301,0.08642450811060384,0.2079606015022312
41,rough_train:rough_perlin:8,rough_train,rough_perlin,8,energy,0.15,0.15,0.7,True,True,True,True,0.21338072221373183,0.11047267709233909,0.6849049198533137,4,4,1,209.48421197211664,7.146000000000002,0.006868279914775112,0.08700571484961471,0.20669666363824424
42,rough_train:rough_perlin:10,rough_train,rough_perlin,10,balanced,0.3333333333333333,0.3333333333333333,0.3333333333333333,True,True,True,True,0.2188763454225867,0.03269564074013188,0.6095237104005213,2,1,3,191.75472416317834,7.364000000000002,0.007556717367711365,0.04722030054664795,0.21052618559656872
42,rough_train:rough_perlin:10,rough_train,rough_perlin,10,motion,0.7,0.15,0.15,True,True,True,True,0.21218217733522252,0.03592933285984938,0.6160649323925276,1,4,4,188.42889450048608,7.144000000000002,0.0069596669711511445,0.04949018741441973,0.2153787154385022
42,rough_train:rough_perlin:10,rough_train,rough_perlin,10,stability,0.15,0.7,0.15,True,True,True,True,0.22368844006849134,0.03497832722705233,0.6014428068471191,3,2,2,194.4683934577193,7.540000000000002,0.006913507878735383,0.04888758440946987,0.20771560346758047
42,rough_train:rough_perlin:10,rough_train,rough_perlin,10,energy,0.15,0.15,0.7,True,True,True,True,0.22504610150695503,0.03539196071353908,0.5974482190400987,4,3,1,193.1767975411777,7.550000000000001,0.007036389573207151,0.04915298185589493,0.20654939939991596
43,rough_train:rough_perlin:11,rough_train,rough_perlin,11,balanced,0.3333333333333333,0.3333333333333333,0.3333333333333333,True,True,True,True,0.21502531898447216,0.09969111630800175,0.6433922402529152,2,3,2,196.78719269124628,7.164,0.006011756840314665,0.08266027669641535,0.21070720716246535
43,rough_train:rough_perlin:11,rough_train,rough_perlin,11,motion,0.7,0.15,0.15,True,True,True,True,0.20701358460618077,0.10204223601521796,0.6656506926265822,1,4,4,197.77813280780992,6.956000000000001,0.006393013555043658,0.0836293289425038,0.21551659714211438
43,rough_train:rough_perlin:11,rough_train,rough_perlin,11,stability,0.15,0.7,0.15,True,True,True,True,0.21830897387231707,0.09936338514543051,0.6483514368072555,3,2,3,203.96983547052065,7.3740000000000006,0.006238001672029369,0.08252429362178822,0.20781466616317626
43,rough_train:rough_perlin:11,rough_train,rough_perlin,11,energy,0.15,0.15,0.7,True,True,True,True,0.21932367549605944,0.09736456670310857,0.6401415444091918,4,1,1,201.38702265235221,7.368000000000001,0.0061812449274415825,0.08169003757704536,0.20671189749587537
44,rough_train:rough_perlin:12,rough_train,rough_perlin,12,balanced,0.3333333333333333,0.3333333333333333,0.3333333333333333,True,True,False,False,0.21128625391760913,0.11821652404454892,0.695026707954463,2,2,4,212.58005015732354,7.148000000000001,0.010039769436873538,0.09000971373087858,0.21121861942112446
44,rough_train:rough_perlin:12,rough_train,rough_perlin,12,motion,0.7,0.15,0.15,True,True,True,True,0.2053633802513454,0.1128793584448312,0.6927815602164044,1,1,3,205.83925614593457,6.95,0.009764847019202516,0.08795811013916363,0.21601054070188722
44,rough_train:rough_perlin:12,rough_train,rough_perlin,12,stability,0.15,0.7,0.15,True,True,True,True,0.2136100901841425,0.11992458342194612,0.6864441996244358,4,3,1,209.95501426964893,7.164000000000001,0.009656876869608874,0.09065526344793147,0.20840523172702108
44,rough_train:rough_perlin:12,rough_train,rough_perlin,12,energy,0.15,0.15,0.7,True,True,True,True,0.2130578366742803,0.12199973955510188,0.6890302583961714,3,4,2,210.745983159209,7.130000000000002,0.010081587903568437,0.09143499249669944,0.20735179315720284
45,rough_train:rough_perlin:13,rough_train,rough_perlin,13,balanced,0.3333333333333333,0.3333333333333333,0.3333333333333333,True,True,True,True,0.20916389323905268,0.243940420671977,0.7443095608927531,2,4,2,221.14925563061155,6.969999999999996,0.007331252816542604,0.1293035683184683,0.21115687259418123
45,rough_train:rough_perlin:13,rough_train,rough_perlin,13,motion,0.7,0.15,0.15,True,True,True,True,0.20206385746786987,0.23452869727041942,0.7905744873481816,1,1,4,234.8954905105598,6.952000000000002,0.008738298717191506,0.12678463390747097,0.21587980933049147
45,rough_train:rough_perlin:13,rough_train,rough_perlin,13,stability,0.15,0.7,0.15,True,True,True,True,0.21212880060322778,0.23872834379759691,0.7428957402488441,4,2,1,227.22121598542697,7.116000000000002,0.007359082177433335,0.1279077958121536,0.20831064762813703
45,rough_train:rough_perlin:13,rough_train,rough_perlin,13,energy,0.15,0.15,0.7,True,True,True,True,0.21204267290953785,0.24035238992917649,0.7604004697416757,3,3,3,232.57519192762965,7.1480000000000015,0.007116516270178051,0.12834198080532191,0.20700049067448292
46,rough_train:rough_perlin:15,rough_train,rough_perlin,15,balanced,0.3333333333333333,0.3333333333333333,0.3333333333333333,True,True,True,True,0.21089399616377563,0.19181111930220388,0.7907786050773489,2,2,1,241.86661261612275,7.142,0.009630354671336876,0.11465809472123947,0.21046749555638858
46,rough_train:rough_perlin:15,rough_train,rough_perlin,15,motion,0.7,0.15,0.15,True,True,True,True,0.2067550790933842,0.1954683985078684,0.8073185897736906,1,4,4,239.87049819843986,6.957999999999999,0.009119098309495062,0.11574624384226019,0.2154022453681511
46,rough_train:rough_perlin:15,rough_train,rough_perlin,15,stability,0.15,0.7,0.15,True,True,False,False,0.21299911652739362,0.19253795680530636,0.8034433731718458,3,3,3,245.74024366647862,7.166000000000001,0.009686922922075274,0.11487533911744677,0.20784137910498043
46,rough_train:rough_perlin:15,rough_train,rough_perlin,15,energy,0.15,0.15,0.7,True,True,True,True,0.21683560094811194,0.18832840416155205,0.792877393878985,4,1,2,249.43736127767616,7.3660000000000005,0.009631238449545979,0.11360860655601912,0.2062446111580357
47,rough_train:rough_perlin:17,rough_train,rough_perlin,17,balanced,0.3333333333333333,0.3333333333333333,0.3333333333333333,True,True,True,True,0.21797919553926204,0.04408510543447517,0.6089159575378953,2,4,3,191.56352654355555,7.371999999999997,0.006939381469068131,0.05496421087517124,0.2105025466117594
47,rough_train:rough_perlin:17,rough_train,rough_perlin,17,motion,0.7,0.15,0.15,True,True,True,True,0.2111010359241704,0.04276536643322156,0.6129486551819813,1,2,4,187.47575362382574,7.1499999999999995,0.006876778257826476,0.05413750745786416,0.21540044750486104
47,rough_train:rough_perlin:17,rough_train,rough_perlin,17,stability,0.15,0.7,0.15,True,True,True,True,0.22062209819603718,0.04260832737082748,0.6017408618333159,3,1,2,189.30625832871954,7.334000000000002,0.006788617085827347,0.054036076506588065,0.2078630963081701
47,rough_train:rough_perlin:17,rough_train,rough_perlin,17,energy,0.15,0.15,0.7,True,True,True,True,0.22350414832941548,0.04408486801122388,0.5984718545154653,4,3,1,193.50777622130258,7.551999999999999,0.006586096091659606,0.054966363482715296,0.20644023476885884
48,rough_train:rough_perlin:18,rough_train,rough_perlin,18,balanced,0.3333333333333333,0.3333333333333333,0.3333333333333333,True,True,True,True,0.23502848042555027,0.01763833969824639,0.5860545091447605,2,3,3,194.61422252358315,7.768,0.007147118765202503,0.034724165320636165,0.2100487618314985
48,rough_train:rough_perlin:18,rough_train,rough_perlin,18,motion,0.7,0.15,0.15,True,True,True,True,0.22770743095856724,0.016999903373684726,0.5893777842820805,1,1,4,190.5673316634088,7.574,0.007035064945206153,0.03408055543255129,0.21488318368792536
48,rough_train:rough_perlin:18,rough_train,rough_perlin,18,stability,0.15,0.7,0.15,True,True,True,True,0.23615638562886748,0.017589174800015935,0.5803122142777307,3,2,2,192.70734827620475,7.769999999999999,0.006907620032594007,0.03468103827260911,0.2074307540333585
48,rough_train:rough_perlin:18,rough_train,rough_perlin,18,energy,0.15,0.15,0.7,True,True,True,True,0.24266377924386262,0.01954617213482261,0.5775303397730414,4,4,1,196.8304921834765,7.976,0.0069486317443106915,0.03655060562445713,0.20603361149819996
49,rough_train:rough_perlin:20,rough_train,rough_perlin,20,balanced,0.3333333333333333,0.3333333333333333,0.3333333333333333,True,True,True,True,0.2258561456069013,0.047978475766005474,0.6180758678378266,2,2,3,199.84646866673808,7.558,0.009232297339946101,0.057262043419232425,0.21031067910025247
49,rough_train:rough_perlin:20,rough_train,rough_perlin,20,motion,0.7,0.15,0.15,True,True,True,True,0.21617282606279137,0.054276207540422214,0.637137166462049,1,4,4,200.44185242401483,7.354000000000001,0.009858287420934713,0.06088229904092646,0.2151756621276339
49,rough_train:rough_perlin:20,rough_train,rough_perlin,20,stability,0.15,0.7,0.15,True,True,True,True,0.22760482454271327,0.0474411660750398,0.6101150661790047,3,1,2,197.27245116814635,7.580000000000002,0.00908569718284584,0.056948095388504295,0.2076241171591588
49,rough_train:rough_perlin:20,rough_train,rough_perlin,20,energy,0.15,0.15,0.7,True,True,True,True,0.23151628986222667,0.04804224390304658,0.61011498378028,4,3,1,202.60411167497497,7.754000000000005,0.00867278981699173,0.057304310866106455,0.20622325981476983
50,rough_train:rough_perlin:22,rough_train,rough_perlin,22,balanced,0.3333333333333333,0.3333333333333333,0.3333333333333333,True,True,True,True,0.21189529187073372,0.08398509127508758,0.6748142329055132,2,2,3,206.3978863490359,7.160000000000001,0.00875345708884649,0.07586993681172756,0.21068587683141232
50,rough_train:rough_perlin:22,rough_train,rough_perlin,22,motion,0.7,0.15,0.15,True,True,True,True,0.20509829426441445,0.08564077629777109,0.678519503955406,1,4,4,201.60171401077963,6.942000000000002,0.009024627268599086,0.07661413922297977,0.21555095926365433
50,rough_train:rough_perlin:22,rough_train,rough_perlin,22,stability,0.15,0.7,0.15,True,True,True,True,0.21551198519170353,0.08555614716445456,0.6676908396250908,3,3,2,204.2191336716039,7.148,0.008543015788857187,0.07657627400481169,0.207986850887537
50,rough_train:rough_perlin:22,rough_train,rough_perlin,22,energy,0.15,0.15,0.7,True,True,True,True,0.21801902806317408,0.08111498797005173,0.6549964714576058,4,1,1,206.06034772572957,7.346000000000001,0.008380256440237878,0.07456228059386234,0.20663941365589078
51,rough_train:rough_perlin:25,rough_train,rough_perlin,25,balanced,0.3333333333333333,0.3333333333333333,0.3333333333333333,True,True,True,True,0.21832233884176164,0.05605520947356049,0.5827481003790447,2,4,3,183.3311802938262,7.365999999999999,0.006336365755079127,0.06198222063370361,0.21056817132565714
51,rough_train:rough_perlin:25,rough_train,rough_perlin,25,motion,0.7,0.15,0.15,True,True,True,True,0.21340693919648684,0.05446590441907669,0.5914158643284357,1,3,4,180.8897595788692,7.1400000000000015,0.0064534491900327074,0.061091121786341955,0.21547647454908916
51,rough_train:rough_perlin:25,rough_train,rough_perlin,25,stability,0.15,0.7,0.15,True,True,True,True,0.22112664453126,0.05340929230190641,0.5735576861594449,3,2,2,180.43989761924954,7.346000000000001,0.006470873620849129,0.06050301785421484,0.207891875355401
51,rough_train:rough_perlin:25,rough_train,rough_perlin,25,energy,0.15,0.15,0.7,True,True,True,True,0.2239010281354258,0.048178785607401776,0.5701655308651644,4,1,1,179.37273355052776,7.362000000000001,0.006884926617932277,0.05744897064140411,0.20665908311137982
52,rough_train:rough_perlin:28,rough_train,rough_perlin,28,balanced,0.3333333333333333,0.3333333333333333,0.3333333333333333,True,True,True,True,0.22500231023941353,0.06699327374572012,0.6000111540550183,2,4,3,194.00548789912,7.549999999999998,0.007846539558414266,0.06776113103250832,0.2106205939642481
52,rough_train:rough_perlin:28,rough_train,rough_perlin,28,motion,0.7,0.15,0.15,True,True,True,True,0.22123565926797836,0.06488507804713703,0.6089630281004856,1,1,4,196.89995524371056,7.554,0.007877197342905642,0.06668455449478959,0.21522404319933944
52,rough_train:rough_perlin:28,rough_train,rough_perlin,28,stability,0.15,0.7,0.15,True,True,True,True,0.22849097664474946,0.06573512978025192,0.5988429802863162,3,2,2,198.8609578180716,7.772000000000003,0.008035222140991073,0.06711971149346688,0.20767740597948434
52,rough_train:rough_perlin:28,rough_train,rough_perlin,28,energy,0.15,0.15,0.7,True,True,True,True,0.22906309954739204,0.06637631390445083,0.5937879957990648,4,3,1,197.182322366071,7.756000000000001,0.007715969865249679,0.06744594736065468,0.2067728536810089
53,rough_train:rough_perlin:29,rough_train,rough_perlin,29,balanced,0.3333333333333333,0.3333333333333333,0.3333333333333333,True,True,True,True,0.20952284367453844,0.10295883729326709,0.6892585385593174,2,2,2,210.81580466099604,7.137999999999999,0.0063150447470767535,0.08400409200621362,0.21063943092312132
53,rough_train:rough_perlin:29,rough_train,rough_perlin,29,motion,0.7,0.15,0.15,True,True,True,True,0.20332955402174907,0.10058382191048283,0.70308586732034,1,1,4,208.90087185740182,6.936000000000001,0.0067971203349804915,0.08302955122253328,0.21554688863894522
53,rough_train:rough_perlin:29,rough_train,rough_perlin,29,stability,0.15,0.7,0.15,True,True,True,True,0.21233665118522044,0.10564959384461424,0.6815548666028856,3,4,1,208.45956863128492,7.134000000000002,0.0058293710273648845,0.08509363572533682,0.20798815730959178
53,rough_train:rough_perlin:29,rough_train,rough_perlin,29,energy,0.15,0.15,0.7,True,True,False,False,0.21307777615468085,0.10562312233525012,0.6916817844663478,4,3,3,211.55697579955006,7.158,0.006308885254935001,0.08508404466377249,0.20671171412004952
