t_wall,context,x,y,action_id,hold_override,emp_age_s,proj_age_s,theta_age_s,emp_seq,emp_vx,emp_yaw_rate,emp_body_h,emp_clearance,emp_enable,proj_seq,proj_vx,proj_yaw_rate,proj_body_h,proj_clearance,proj_enable,out_seq,out_vx,out_yaw_rate,out_body_h,out_clearance,out_enable,delta_vx,delta_yaw_rate,delta_body_h,delta_clearance,j7_accept,j7_reason,j7_source
1785198615.123752,flat,0.000000,0.000000,1,0,0.002345,0.002283,0.002230,5200001,0.00000000,0.00000000,0.32000000,0.04500000,1.00000000,5200001,0.00000000,0.00000000,0.32000000,0.06000000,1.00000000,5200001,0.00000000,0.00000000,0.32000000,0.04500000,1.00000000,0.00000000,0.00000000,0.00000000,0.01500000,0,delta_clearance_too_large,empirical
1785198615.173697,flat,0.000000,0.000000,1,0,0.002055,0.001977,0.001911,5200003,0.00000000,0.00000000,0.32000000,0.04500000,1.00000000,5200003,0.00000000,0.00000000,0.32000000,0.06000000,1.00000000,5200003,0.00000000,0.00000000,0.32000000,0.04500000,1.00000000,0.00000000,0.00000000,0.00000000,0.01500000,0,delta_clearance_too_large,empirical
1785198615.223845,flat,0.000000,0.000000,1,0,0.002418,0.002362,0.002311,5200005,0.00000000,0.00000000,0.32000000,0.04500000,1.00000000,5200005,0.00000000,0.00000000,0.32000000,0.06000000,1.00000000,5200005,0.00000000,0.00000000,0.32000000,0.04500000,1.00000000,0.00000000,0.00000000,0.00000000,0.01500000,0,delta_clearance_too_large,empirical
1785198615.273771,flat,0.000000,0.000000,1,0,0.001990,0.001921,0.001868,5200007,0.00000000,0.00000000,0.32000000,0.04500000,1.00000000,5200007,0.00000000,0.00000000,0.32000000,0.06000000,1.00000000,5200007,0.00000000,0.00000000,0.32000000,0.04500000,1.00000000,0.00000000,0.00000000,0.00000000,0.01500000,0,delta_clearance_too_large,empirical
1785198615.323696,flat,0.000000,0.000000,1,0,0.002360,0.002299,0.002247,5200009,0.00000000,0.00000000,0.32000000,0.04500000,1.00000000,5200009,0.00000000,0.00000000,0.32000000,0.06000000,1.00000000,5200009,0.00000000,0.00000000,0.32000000,0.04500000,1.00000000,0.00000000,0.00000000,0.00000000,0.01500000,0,delta_clearance_too_large,empirical
1785198615.373738,flat,0.000000,0.000000,1,0,0.002090,0.002018,0.001938,5200011,0.00000000,0.00000000,0.32000000,0.04500000,1.00000000,5200011,0.00000000,0.00000000,0.32000000,0.06000000,1.00000000,5200011,0.00000000,0.00000000,0.32000000,0.04500000,1.00000000,0.00000000,0.00000000,0.00000000,0.01500000,0,delta_clearance_too_large,empirical
1785198615.423831,flat,0.000000,0.000000,1,0,0.002118,0.002042,0.001989,5200013,0.00000000,0.00000000,0.32000000,0.04500000,1.00000000,5200013,0.00000000,0.00000000,0.32000000,0.06000000,1.00000000,5200013,0.00000000,0.00000000,0.32000000,0.04500000,1.00000000,0.00000000,0.00000000,0.00000000,0.01500000,0,delta_clearance_too_large,empirical
1785198615.473684,flat,0.000000,0.000000,1,0,0.002219,0.002158,0.002106,5200015,0.00000000,0.00000000,0.32000000,0.04500000,1.00000000,5200015,0.00000000,0.00000000,0.32000000,0.06000000,1.00000000,5200015,0.00000000,0.00000000,0.32000000,0.04500000,1.00000000,0.00000000,0.00000000,0.00000000,0.01500000,0,delta_clearance_too_large,empirical
1785198615.523839,flat,0.000000,0.000000,1,0,0.002295,0.002229,0.002176,5200017,0.00000000,0.00000000,0.32000000,0.04500000,1.00000000,5200017,0.00000000,0.00000000,0.32000000,0.06000000,1.00000000,5200017,0.00000000,0.00000000,0.32000000,0.04500000,1.00000000,0.00000000,0.00000000,0.00000000,0.01500000,0,delta_clearance_too_large,empirical
1785198615.573758,flat,0.000000,0.000000,1,0,0.001855,0.001743,0.001636,5200019,0.00000000,0.00000000,0.32000000,0.04500000,1.00000000,5200019,0.00000000,0.00000000,0.32000000,0.06000000,1.00000000,5200019,0.00000000,0.00000000,0.32000000,0.04500000,1.00000000,0.00000000,0.00000000,0.00000000,0.01500000,0,delta_clearance_too_large,empirical
1785198615.623907,flat,0.000000,0.000000,1,0,0.001563,0.001443,0.001336,5200021,0.00000000,0.00000000,0.32000000,0.04500000,1.00000000,5200021,0.00000000,0.00000000,0.32000000,0.06000000,1.00000000,5200021,0.00000000,0.00000000,0.32000000,0.04500000,1.00000000,0.00000000,0.00000000,0.00000000,0.01500000,0,delta_clearance_too_large,empirical
1785198615.673735,flat,0.000000,0.000000,1,0,0.001964,0.001898,0.001843,5200023,0.00000000,0.00000000,0.32000000,0.04500000,1.00000000,5200023,0.00000000,0.00000000,0.32000000,0.06000000,1.00000000,5200023,0.00000000,0.00000000,0.32000000,0.04500000,1.00000000,0.00000000,0.00000000,0.00000000,0.01500000,0,delta_clearance_too_large,empirical
1785198615.723675,flat,0.000000,0.000000,1,0,0.002077,0.002006,0.001950,5200025,0.00000000,0.00000000,0.32000000,0.04500000,1.00000000,5200025,0.00000000,0.00000000,0.32000000,0.06000000,1.00000000,5200025,0.00000000,0.00000000,0.32000000,0.04500000,1.00000000,0.00000000,0.00000000,0.00000000,0.01500000,0,delta_clearance_too_large,empirical
1785198615.773741,flat,0.000000,0.000000,1,0,0.001736,0.001616,0.001505,5200027,0.00000000,0.00000000,0.32000000,0.04500000,1.00000000,5200027,0.00000000,0.00000000,0.32000000,0.06000000,1.00000000,5200027,0.00000000,0.00000000,0.32000000,0.04500000,1.00000000,0.00000000,0.00000000,0.00000000,0.01500000,0,delta_clearance_too_large,empirical
1785198615.823675,flat,0.000000,0.000000,1,0,0.002259,0.002200,0.002146,5200029,0.00000000,0.00000000,0.32000000,0.04500000,1.00000000,5200029,0.00000000,0.00000000,0.32000000,0.06000000,1.00000000,5200029,0.00000000,0.00000000,0.32000000,0.04500000,1.00000000,0.00000000,0.00000000,0.00000000,0.01500000,0,delta_clearance_too_large,empirical
1785198615.873713,flat,0.000000,0.000000,1,0,0.002309,0.002246,0.002194,5200031,0.00000000,0.00000000,0.32000000,0.04500000,1.00000000,5200031,0.00000000,0.00000000,0.32000000,0.06000000,1.00000000,5200031,0.00000000,0.00000000,0.32000000,0.04500000,1.00000000,0.00000000,0.00000000,0.00000000,0.01500000,0,delta_clearance_too_large,empirical
1785198615.924023,flat,0.000000,0.000000,1,0,0.002530,0.002470,0.002419,5200033,0.00000000,0.00000000,0.32000000,0.04500000,1.00000000,5200033,0.00000000,0.00000000,0.32000000,0.06000000,1.00000000,5200033,0.00000000,0.00000000,0.32000000,0.04500000,1.00000000,0.00000000,0.00000000,0.00000000,0.01500000,0,delta_clearance_too_large,empirical
1785198615.973675,flat,0.000000,0.000000,1,0,0.002146,0.002079,0.002028,5200035,0.00000000,0.00000000,0.32000000,0.04500000,1.00000000,5200035,0.00000000,0.00000000,0.32000000,0.06000000,1.00000000,5200035,0.00000000,0.00000000,0.32000000,0.04500000,1.00000000,0.00000000,0.00000000,0.00000000,0.01500000,0,delta_clearance_too_large,empirical
1785198616.023637,flat,0.000000,0.000000,1,0,0.001919,0.001860,0.001809,5200037,0.00000000,0.00000000,0.32000000,0.04500000,1.00000000,5200037,0.00000000,0.00000000,0.32000000,0.06000000,1.00000000,5200037,0.00000000,0.00000000,0.32000000,0.04500000,1.00000000,0.00000000,0.00000000,0.00000000,0.01500000,0,delta_clearance_too_large,empirical
1785198616.073763,flat,0.000000,0.000000,1,0,0.001725,0.001602,0.001489,5200039,0.00000000,0.00000000,0.32000000,0.04500000,1.00000000,5200039,0.00000000,0.00000000,0.32000000,0.06000000,1.00000000,5200039,0.00000000,0.00000000,0.32000000,0.04500000,1.00000000,0.00000000,0.00000000,0.00000000,0.01500000,0,delta_clearance_too_large,empirical
1785198616.123732,flat,0.000000,0.000000,1,0,0.002174,0.002111,0.002056,5200041,0.00000000,0.00000000,0.32000000,0.04500000,1.00000000,5200041,0.00000000,0.00000000,0.32000000,0.06000000,1.00000000,5200041,0.00000000,0.00000000,0.32000000,0.04500000,1.00000000,0.00000000,0.00000000,0.00000000,0.01500000,0,delta_clearance_too_large,empirical
1785198616.173725,flat,0.000000,0.000000,1,0,0.002250,0.002190,0.002139,5200043,0.00000000,0.00000000,0.32000000,0.04500000,1.00000000,5200043,0.00000000,0.00000000,0.32000000,0.06000000,1.00000000,5200043,0.00000000,0.00000000,0.32000000,0.04500000,1.00000000,0.00000000,0.00000000,0.00000000,0.01500000,0,delta_clearance_too_large,empirical
1785198616.223697,flat,0.000000,0.000000,1,0,0.002302,0.002244,0.002192,5200045,0.00000000,0.00000000,0.32000000,0.04500000,1.00000000,5200045,0.00000000,0.00000000,0.32000000,0.06000000,1.00000000,5200045,0.00000000,0.00000000,0.32000000,0.04500000,1.00000000,0.00000000,0.00000000,0.00000000,0.01500000,0,delta_clearance_too_large,empirical
1785198616.273688,flat,0.000000,0.000000,1,0,0.002254,0.002188,0.002112,5200047,0.00000000,0.00000000,0.32000000,0.04500000,1.00000000,5200047,0.00000000,0.00000000,0.32000000,0.06000000,1.00000000,5200047,0.00000000,0.00000000,0.32000000,0.04500000,1.00000000,0.00000000,0.00000000,0.00000000,0.01500000,0,delta_clearance_too_large,empirical
1785198616.323677,flat,0.000000,0.000000,1,0,0.001704,0.001585,0.001466,5200049,0.00000000,0.00000000,0.32000000,0.04500000,1.00000000,5200049,0.00000000,0.00000000,0.32000000,0.06000000,1.00000000,5200049,0.00000000,0.00000000,0.32000000,0.04500000,1.00000000,0.00000000,0.00000000,0.00000000,0.01500000,0,delta_clearance_too_large,empirical
1785198616.373652,flat,0.000000,0.000000,1,0,0.002270,0.002211,0.002160,5200051,0.00000000,0.00000000,0.32000000,0.04500000,1.00000000,5200051,0.00000000,0.00000000,0.32000000,0.06000000,1.00000000,5200051,0.00000000,0.00000000,0.32000000,0.04500000,1.00000000,0.00000000,0.00000000,0.00000000,0.01500000,0,delta_clearance_too_large,empirical
1785198616.423640,flat,0.000000,0.000000,1,0,0.001137,0.000999,0.000872,5200053,0.00000000,0.00000000,0.32000000,0.04500000,1.00000000,5200053,0.00000000,0.00000000,0.32000000,0.06000000,1.00000000,5200053,0.00000000,0.00000000,0.32000000,0.04500000,1.00000000,0.00000000,0.00000000,0.00000000,0.01500000,0,delta_clearance_too_large,empirical
1785198616.473669,flat,0.000000,0.000000,1,0,0.002264,0.002200,0.002147,5200055,0.00000000,0.00000000,0.32000000,0.04500000,1.00000000,5200055,0.00000000,0.00000000,0.32000000,0.06000000,1.00000000,5200055,0.00000000,0.00000000,0.32000000,0.04500000,1.00000000,0.00000000,0.00000000,0.00000000,0.01500000,0,delta_clearance_too_large,empirical
1785198616.523685,flat,0.000000,0.000000,1,0,0.001810,0.001745,0.001692,5200057,0.00000000,0.00000000,0.32000000,0.04500000,1.00000000,5200057,0.00000000,0.00000000,0.32000000,0.06000000,1.00000000,5200057,0.00000000,0.00000000,0.32000000,0.04500000,1.00000000,0.00000000,0.00000000,0.00000000,0.01500000,0,delta_clearance_too_large,empirical
1785198616.573659,flat,0.000000,0.000000,1,0,0.001662,0.001539,0.001426,5200059,0.00000000,0.00000000,0.32000000,0.04500000,1.00000000,5200059,0.00000000,0.00000000,0.32000000,0.06000000,1.00000000,5200059,0.00000000,0.00000000,0.32000000,0.04500000,1.00000000,0.00000000,0.00000000,0.00000000,0.01500000,0,delta_clearance_too_large,empirical
1785198616.623644,flat,0.000000,0.000000,1,0,0.002171,0.002110,0.002059,5200061,0.00000000,0.00000000,0.32000000,0.04500000,1.00000000,5200061,0.00000000,0.00000000,0.32000000,0.06000000,1.00000000,5200061,0.00000000,0.00000000,0.32000000,0.04500000,1.00000000,0.00000000,0.00000000,0.00000000,0.01500000,0,delta_clearance_too_large,empirical
1785198616.673716,flat,0.000000,0.000000,1,0,0.001040,0.000875,0.000810,5200063,0.00000000,0.00000000,0.32000000,0.04500000,1.00000000,5200063,0.00000000,0.00000000,0.32000000,0.06000000,1.00000000,5200063,0.00000000,0.00000000,0.32000000,0.04500000,1.00000000,0.00000000,0.00000000,0.00000000,0.01500000,0,delta_clearance_too_large,empirical
1785198616.723725,flat,0.000000,0.000000,1,0,0.002215,0.002153,0.002100,5200065,0.00000000,0.00000000,0.32000000,0.04500000,1.00000000,5200065,0.00000000,0.00000000,0.32000000,0.06000000,1.00000000,5200065,0.00000000,0.00000000,0.32000000,0.04500000,1.00000000,0.00000000,0.00000000,0.00000000,0.01500000,0,delta_clearance_too_large,empirical
1785198616.773707,flat,0.000000,0.000000,1,0,0.002063,0.001991,0.001937,5200067,0.00000000,0.00000000,0.32000000,0.04500000,1.00000000,5200067,0.00000000,0.00000000,0.32000000,0.06000000,1.00000000,5200067,0.00000000,0.00000000,0.32000000,0.04500000,1.00000000,0.00000000,0.00000000,0.00000000,0.01500000,0,delta_clearance_too_large,empirical
1785198616.824986,flat,0.000000,0.000000,1,0,0.003535,0.003422,0.003333,5200069,0.00000000,0.00000000,0.32000000,0.04500000,1.00000000,5200069,0.00000000,0.00000000,0.32000000,0.06000000,1.00000000,5200069,0.00000000,0.00000000,0.32000000,0.04500000,1.00000000,0.00000000,0.00000000,0.00000000,0.01500000,0,delta_clearance_too_large,empirical
1785198616.873675,flat,0.000000,0.000000,1,0,0.001718,0.001598,0.001486,5200071,0.00000000,0.00000000,0.32000000,0.04500000,1.00000000,5200071,0.00000000,0.00000000,0.32000000,0.06000000,1.00000000,5200071,0.00000000,0.00000000,0.32000000,0.04500000,1.00000000,0.00000000,0.00000000,0.00000000,0.01500000,0,delta_clearance_too_large,empirical
1785198616.923757,flat,0.000000,0.000000,1,0,0.001725,0.001594,0.001485,5200073,0.00000000,0.00000000,0.32000000,0.04500000,1.00000000,5200073,0.00000000,0.00000000,0.32000000,0.06000000,1.00000000,5200073,0.00000000,0.00000000,0.32000000,0.04500000,1.00000000,0.00000000,0.00000000,0.00000000,0.01500000,0,delta_clearance_too_large,empirical
1785198616.973647,flat,0.000000,0.000000,1,0,0.001823,0.001760,0.001708,5200075,0.00000000,0.00000000,0.32000000,0.04500000,1.00000000,5200075,0.00000000,0.00000000,0.32000000,0.06000000,1.00000000,5200075,0.00000000,0.00000000,0.32000000,0.04500000,1.00000000,0.00000000,0.00000000,0.00000000,0.01500000,0,delta_clearance_too_large,empirical
1785198617.023874,flat,0.000000,0.000000,1,0,0.002433,0.002373,0.002320,5200077,0.00000000,0.00000000,0.32000000,0.04500000,1.00000000,5200077,0.00000000,0.00000000,0.32000000,0.06000000,1.00000000,5200077,0.00000000,0.00000000,0.32000000,0.04500000,1.00000000,0.00000000,0.00000000,0.00000000,0.01500000,0,delta_clearance_too_large,empirical
1785198617.073888,flat,0.000000,0.000000,1,0,0.001906,0.001844,0.001792,5200079,0.00000000,0.00000000,0.32000000,0.04500000,1.00000000,5200079,0.00000000,0.00000000,0.32000000,0.06000000,1.00000000,5200079,0.00000000,0.00000000,0.32000000,0.04500000,1.00000000,0.00000000,0.00000000,0.00000000,0.01500000,0,delta_clearance_too_large,empirical
1785198617.123671,flat,0.000000,0.000000,1,0,0.002289,0.002230,0.002178,5200081,0.00000000,0.00000000,0.32000000,0.04500000,1.00000000,5200081,0.00000000,0.00000000,0.32000000,0.06000000,1.00000000,5200081,0.00000000,0.00000000,0.32000000,0.04500000,1.00000000,0.00000000,0.00000000,0.00000000,0.01500000,0,delta_clearance_too_large,empirical
1785198617.173944,flat,0.000000,0.000000,1,0,0.001507,0.001362,0.001204,5200083,0.00000000,0.00000000,0.32000000,0.04500000,1.00000000,5200083,0.00000000,0.00000000,0.32000000,0.06000000,1.00000000,5200083,0.00000000,0.00000000,0.32000000,0.04500000,1.00000000,0.00000000,0.00000000,0.00000000,0.01500000,0,delta_clearance_too_large,empirical
1785198617.224055,flat,0.000000,0.000000,1,0,0.002171,0.002090,0.002020,5200085,0.00000000,0.00000000,0.32000000,0.04500000,1.00000000,5200085,0.00000000,0.00000000,0.32000000,0.06000000,1.00000000,5200085,0.00000000,0.00000000,0.32000000,0.04500000,1.00000000,0.00000000,0.00000000,0.00000000,0.01500000,0,delta_clearance_too_large,empirical
1785198617.273690,flat,0.000000,0.000000,1,0,0.002252,0.002190,0.002136,5200087,0.00000000,0.00000000,0.32000000,0.04500000,1.00000000,5200087,0.00000000,0.00000000,0.32000000,0.06000000,1.00000000,5200087,0.00000000,0.00000000,0.32000000,0.04500000,1.00000000,0.00000000,0.00000000,0.00000000,0.01500000,0,delta_clearance_too_large,empirical
1785198617.323660,flat,0.000000,0.000000,1,0,0.002167,0.002106,0.002053,5200089,0.00000000,0.00000000,0.32000000,0.04500000,1.00000000,5200089,0.00000000,0.00000000,0.32000000,0.06000000,1.00000000,5200089,0.00000000,0.00000000,0.32000000,0.04500000,1.00000000,0.00000000,0.00000000,0.00000000,0.01500000,0,delta_clearance_too_large,empirical
1785198617.373643,flat,0.000000,0.000000,1,0,0.001254,0.001178,0.001124,5200091,0.00000000,0.00000000,0.32000000,0.04500000,1.00000000,5200091,0.00000000,0.00000000,0.32000000,0.06000000,1.00000000,5200091,0.00000000,0.00000000,0.32000000,0.04500000,1.00000000,0.00000000,0.00000000,0.00000000,0.01500000,0,delta_clearance_too_large,empirical
1785198617.423728,flat,0.000000,0.000000,1,0,0.002325,0.002264,0.002213,5200093,0.00000000,0.00000000,0.32000000,0.04500000,1.00000000,5200093,0.00000000,0.00000000,0.32000000,0.06000000,1.00000000,5200093,0.00000000,0.00000000,0.32000000,0.04500000,1.00000000,0.00000000,0.00000000,0.00000000,0.01500000,0,delta_clearance_too_large,empirical
1785198617.473706,flat,0.000000,0.000000,1,0,0.002221,0.002133,0.002067,5200095,0.00000000,0.00000000,0.32000000,0.04500000,1.00000000,5200095,0.00000000,0.00000000,0.32000000,0.06000000,1.00000000,5200095,0.00000000,0.00000000,0.32000000,0.04500000,1.00000000,0.00000000,0.00000000,0.00000000,0.01500000,0,delta_clearance_too_large,empirical
1785198617.523809,flat,0.000000,0.000000,1,0,0.002372,0.002311,0.002260,5200097,0.00000000,0.00000000,0.32000000,0.04500000,1.00000000,5200097,0.00000000,0.00000000,0.32000000,0.06000000,1.00000000,5200097,0.00000000,0.00000000,0.32000000,0.04500000,1.00000000,0.00000000,0.00000000,0.00000000,0.01500000,0,delta_clearance_too_large,empirical
1785198617.573656,flat,0.000000,0.000000,1,0,0.001846,0.001754,0.001652,5200099,0.00000000,0.00000000,0.32000000,0.04500000,1.00000000,5200099,0.00000000,0.00000000,0.32000000,0.06000000,1.00000000,5200099,0.00000000,0.00000000,0.32000000,0.04500000,1.00000000,0.00000000,0.00000000,0.00000000,0.01500000,0,delta_clearance_too_large,empirical
1785198617.623685,flat,0.000000,0.000000,1,0,0.002176,0.002107,0.002038,5200101,0.00000000,0.00000000,0.32000000,0.04500000,1.00000000,5200101,0.00000000,0.00000000,0.32000000,0.06000000,1.00000000,5200101,0.00000000,0.00000000,0.32000000,0.04500000,1.00000000,0.00000000,0.00000000,0.00000000,0.01500000,0,delta_clearance_too_large,empirical
1785198617.673801,flat,0.000000,0.000000,1,0,0.001907,0.001753,0.001681,5200103,0.00000000,0.00000000,0.32000000,0.04500000,1.00000000,5200103,0.00000000,0.00000000,0.32000000,0.06000000,1.00000000,5200103,0.00000000,0.00000000,0.32000000,0.04500000,1.00000000,0.00000000,0.00000000,0.00000000,0.01500000,0,delta_clearance_too_large,empirical
1785198617.723686,flat,0.000000,0.000000,1,0,0.000911,0.000833,0.000773,5200105,0.00000000,0.00000000,0.32000000,0.04500000,1.00000000,5200105,0.00000000,0.00000000,0.32000000,0.06000000,1.00000000,5200105,0.00000000,0.00000000,0.32000000,0.04500000,1.00000000,0.00000000,0.00000000,0.00000000,0.01500000,0,delta_clearance_too_large,empirical
1785198617.773650,flat,0.000000,0.000000,1,0,0.001789,0.001702,0.001641,5200107,0.00000000,0.00000000,0.32000000,0.04500000,1.00000000,5200107,0.00000000,0.00000000,0.32000000,0.06000000,1.00000000,5200107,0.00000000,0.00000000,0.32000000,0.04500000,1.00000000,0.00000000,0.00000000,0.00000000,0.01500000,0,delta_clearance_too_large,empirical
1785198617.823648,flat,0.000000,0.000000,1,0,0.002253,0.002192,0.002140,5200109,0.00000000,0.00000000,0.32000000,0.04500000,1.00000000,5200109,0.00000000,0.00000000,0.32000000,0.06000000,1.00000000,5200109,0.00000000,0.00000000,0.32000000,0.04500000,1.00000000,0.00000000,0.00000000,0.00000000,0.01500000,0,delta_clearance_too_large,empirical
1785198617.873763,flat,0.000000,0.000000,1,0,0.002038,0.001957,0.001889,5200111,0.00000000,0.00000000,0.32000000,0.04500000,1.00000000,5200111,0.00000000,0.00000000,0.32000000,0.06000000,1.00000000,5200111,0.00000000,0.00000000,0.32000000,0.04500000,1.00000000,0.00000000,0.00000000,0.00000000,0.01500000,0,delta_clearance_too_large,empirical
1785198617.923710,flat,0.000000,0.000000,1,0,0.002301,0.002240,0.002186,5200113,0.00000000,0.00000000,0.32000000,0.04500000,1.00000000,5200113,0.00000000,0.00000000,0.32000000,0.06000000,1.00000000,5200113,0.00000000,0.00000000,0.32000000,0.04500000,1.00000000,0.00000000,0.00000000,0.00000000,0.01500000,0,delta_clearance_too_large,empirical
1785198617.974165,flat,0.000000,0.000000,1,0,0.001679,0.001555,0.001423,5200115,0.00000000,0.00000000,0.32000000,0.04500000,1.00000000,5200115,0.00000000,0.00000000,0.32000000,0.06000000,1.00000000,5200115,0.00000000,0.00000000,0.32000000,0.04500000,1.00000000,0.00000000,0.00000000,0.00000000,0.01500000,0,delta_clearance_too_large,empirical
1785198618.023780,flat,0.000000,0.000000,1,0,0.001797,0.001679,0.001570,5200117,0.00000000,0.00000000,0.32000000,0.04500000,1.00000000,5200117,0.00000000,0.00000000,0.32000000,0.06000000,1.00000000,5200117,0.00000000,0.00000000,0.32000000,0.04500000,1.00000000,0.00000000,0.00000000,0.00000000,0.01500000,0,delta_clearance_too_large,empirical
1785198618.073673,flat,0.000000,0.000000,1,0,0.001867,0.001796,0.001741,5200119,0.00000000,0.00000000,0.32000000,0.04500000,1.00000000,5200119,0.00000000,0.00000000,0.32000000,0.06000000,1.00000000,5200119,0.00000000,0.00000000,0.32000000,0.04500000,1.00000000,0.00000000,0.00000000,0.00000000,0.01500000,0,delta_clearance_too_large,empirical
1785198618.123735,flat,0.000000,0.000000,1,0,0.002156,0.002078,0.002012,5200121,0.00000000,0.00000000,0.32000000,0.04500000,1.00000000,5200121,0.00000000,0.00000000,0.32000000,0.06000000,1.00000000,5200121,0.00000000,0.00000000,0.32000000,0.04500000,1.00000000,0.00000000,0.00000000,0.00000000,0.01500000,0,delta_clearance_too_large,empirical
1785198618.173684,flat,0.000000,0.000000,1,0,0.002202,0.002132,0.002073,5200123,0.00000000,0.00000000,0.32000000,0.04500000,1.00000000,5200123,0.00000000,0.00000000,0.32000000,0.06000000,1.00000000,5200123,0.00000000,0.00000000,0.32000000,0.04500000,1.00000000,0.00000000,0.00000000,0.00000000,0.01500000,0,delta_clearance_too_large,empirical
1785198618.223832,flat,0.000000,0.000000,1,0,0.002292,0.002230,0.002176,5200125,0.00000000,0.00000000,0.32000000,0.04500000,1.00000000,5200125,0.00000000,0.00000000,0.32000000,0.06000000,1.00000000,5200125,0.00000000,0.00000000,0.32000000,0.04500000,1.00000000,0.00000000,0.00000000,0.00000000,0.01500000,0,delta_clearance_too_large,empirical
1785198618.273731,flat,0.000000,0.000000,1,0,0.002295,0.002231,0.002175,5200127,0.00000000,0.00000000,0.32000000,0.04500000,1.00000000,5200127,0.00000000,0.00000000,0.32000000,0.06000000,1.00000000,5200127,0.00000000,0.00000000,0.32000000,0.04500000,1.00000000,0.00000000,0.00000000,0.00000000,0.01500000,0,delta_clearance_too_large,empirical
1785198618.323676,flat,0.000000,0.000000,1,0,0.001436,0.001338,0.001267,5200129,0.00000000,0.00000000,0.32000000,0.04500000,1.00000000,5200129,0.00000000,0.00000000,0.32000000,0.06000000,1.00000000,5200129,0.00000000,0.00000000,0.32000000,0.04500000,1.00000000,0.00000000,0.00000000,0.00000000,0.01500000,0,delta_clearance_too_large,empirical
1785198618.373690,flat,0.000000,0.000000,1,0,0.002213,0.002149,0.002097,5200131,0.00000000,0.00000000,0.32000000,0.04500000,1.00000000,5200131,0.00000000,0.00000000,0.32000000,0.06000000,1.00000000,5200131,0.00000000,0.00000000,0.32000000,0.04500000,1.00000000,0.00000000,0.00000000,0.00000000,0.01500000,0,delta_clearance_too_large,empirical
1785198618.423706,flat,0.000000,0.000000,1,0,0.001654,0.001530,0.001416,5200133,0.00000000,0.00000000,0.32000000,0.04500000,1.00000000,5200133,0.00000000,0.00000000,0.32000000,0.06000000,1.00000000,5200133,0.00000000,0.00000000,0.32000000,0.04500000,1.00000000,0.00000000,0.00000000,0.00000000,0.01500000,0,delta_clearance_too_large,empirical
1785198618.473706,flat,0.000000,0.000000,1,0,0.002179,0.002113,0.002061,5200135,0.00000000,0.00000000,0.32000000,0.04500000,1.00000000,5200135,0.00000000,0.00000000,0.32000000,0.06000000,1.00000000,5200135,0.00000000,0.00000000,0.32000000,0.04500000,1.00000000,0.00000000,0.00000000,0.00000000,0.01500000,0,delta_clearance_too_large,empirical
1785198618.523670,flat,0.000000,0.000000,1,0,0.002000,0.001917,0.001861,5200137,0.00000000,0.00000000,0.32000000,0.04500000,1.00000000,5200137,0.00000000,0.00000000,0.32000000,0.06000000,1.00000000,5200137,0.00000000,0.00000000,0.32000000,0.04500000,1.00000000,0.00000000,0.00000000,0.00000000,0.01500000,0,delta_clearance_too_large,empirical
1785198618.573692,flat,0.000000,0.000000,1,0,0.001603,0.001539,0.001487,5200139,0.00000000,0.00000000,0.32000000,0.04500000,1.00000000,5200139,0.00000000,0.00000000,0.32000000,0.06000000,1.00000000,5200139,0.00000000,0.00000000,0.32000000,0.04500000,1.00000000,0.00000000,0.00000000,0.00000000,0.01500000,0,delta_clearance_too_large,empirical
1785198618.623690,flat,0.000000,0.000000,1,0,0.002235,0.002171,0.002119,5200141,0.00000000,0.00000000,0.32000000,0.04500000,1.00000000,5200141,0.00000000,0.00000000,0.32000000,0.06000000,1.00000000,5200141,0.00000000,0.00000000,0.32000000,0.04500000,1.00000000,0.00000000,0.00000000,0.00000000,0.01500000,0,delta_clearance_too_large,empirical
1785198618.673993,flat,0.000000,0.000000,1,0,0.002230,0.002162,0.002110,5200143,0.00000000,0.00000000,0.32000000,0.04500000,1.00000000,5200143,0.00000000,0.00000000,0.32000000,0.06000000,1.00000000,5200143,0.00000000,0.00000000,0.32000000,0.04500000,1.00000000,0.00000000,0.00000000,0.00000000,0.01500000,0,delta_clearance_too_large,empirical
1785198618.723947,flat,0.000000,0.000000,1,0,0.002395,0.002325,0.002246,5200145,0.00000000,0.00000000,0.32000000,0.04500000,1.00000000,5200145,0.00000000,0.00000000,0.32000000,0.06000000,1.00000000,5200145,0.00000000,0.00000000,0.32000000,0.04500000,1.00000000,0.00000000,0.00000000,0.00000000,0.01500000,0,delta_clearance_too_large,empirical
1785198618.773710,flat,0.000000,0.000000,1,0,0.001760,0.001650,0.001568,5200147,0.00000000,0.00000000,0.32000000,0.04500000,1.00000000,5200147,0.00000000,0.00000000,0.32000000,0.06000000,1.00000000,5200147,0.00000000,0.00000000,0.32000000,0.04500000,1.00000000,0.00000000,0.00000000,0.00000000,0.01500000,0,delta_clearance_too_large,empirical
1785198618.823665,flat,0.000000,0.000000,1,0,0.002214,0.002152,0.002100,5200149,0.00000000,0.00000000,0.32000000,0.04500000,1.00000000,5200149,0.00000000,0.00000000,0.32000000,0.06000000,1.00000000,5200149,0.00000000,0.00000000,0.32000000,0.04500000,1.00000000,0.00000000,0.00000000,0.00000000,0.01500000,0,delta_clearance_too_large,empirical
1785198618.873690,flat,0.000000,0.000000,1,0,0.001946,0.001882,0.001820,5200151,0.00000000,0.00000000,0.32000000,0.04500000,1.00000000,5200151,0.00000000,0.00000000,0.32000000,0.06000000,1.00000000,5200151,0.00000000,0.00000000,0.32000000,0.04500000,1.00000000,0.00000000,0.00000000,0.00000000,0.01500000,0,delta_clearance_too_large,empirical
1785198618.923744,flat,0.000000,0.000000,1,0,0.001963,0.001875,0.001801,5200153,0.00000000,0.00000000,0.32000000,0.04500000,1.00000000,5200153,0.00000000,0.00000000,0.32000000,0.06000000,1.00000000,5200153,0.00000000,0.00000000,0.32000000,0.04500000,1.00000000,0.00000000,0.00000000,0.00000000,0.01500000,0,delta_clearance_too_large,empirical
1785198618.973672,flat,0.000000,0.000000,1,0,0.002226,0.002166,0.002114,5200155,0.00000000,0.00000000,0.32000000,0.04500000,1.00000000,5200155,0.00000000,0.00000000,0.32000000,0.06000000,1.00000000,5200155,0.00000000,0.00000000,0.32000000,0.04500000,1.00000000,0.00000000,0.00000000,0.00000000,0.01500000,0,delta_clearance_too_large,empirical
1785198619.023670,flat,0.000000,0.000000,1,0,0.001494,0.001430,0.001372,5200157,0.00000000,0.00000000,0.32000000,0.04500000,1.00000000,5200157,0.00000000,0.00000000,0.32000000,0.06000000,1.00000000,5200157,0.00000000,0.00000000,0.32000000,0.04500000,1.00000000,0.00000000,0.00000000,0.00000000,0.01500000,0,delta_clearance_too_large,empirical
1785198619.073723,flat,0.000000,0.000000,1,0,0.001992,0.001932,0.001883,5200159,0.00000000,0.00000000,0.32000000,0.04500000,1.00000000,5200159,0.00000000,0.00000000,0.32000000,0.06000000,1.00000000,5200159,0.00000000,0.00000000,0.32000000,0.04500000,1.00000000,0.00000000,0.00000000,0.00000000,0.01500000,0,delta_clearance_too_large,empirical
1785198619.123717,flat,0.000000,0.000000,1,0,0.002306,0.002248,0.002198,5200161,0.00000000,0.00000000,0.32000000,0.04500000,1.00000000,5200161,0.00000000,0.00000000,0.32000000,0.06000000,1.00000000,5200161,0.00000000,0.00000000,0.32000000,0.04500000,1.00000000,0.00000000,0.00000000,0.00000000,0.01500000,0,delta_clearance_too_large,empirical
1785198619.173687,flat,0.000000,0.000000,1,0,0.002142,0.002083,0.002033,5200163,0.00000000,0.00000000,0.32000000,0.04500000,1.00000000,5200163,0.00000000,0.00000000,0.32000000,0.06000000,1.00000000,5200163,0.00000000,0.00000000,0.32000000,0.04500000,1.00000000,0.00000000,0.00000000,0.00000000,0.01500000,0,delta_clearance_too_large,empirical
1785198619.223675,flat,0.000000,0.000000,1,0,0.001476,0.001413,0.001363,5200165,0.00000000,0.00000000,0.32000000,0.04500000,1.00000000,5200165,0.00000000,0.00000000,0.32000000,0.06000000,1.00000000,5200165,0.00000000,0.00000000,0.32000000,0.04500000,1.00000000,0.00000000,0.00000000,0.00000000,0.01500000,0,delta_clearance_too_large,empirical
1785198619.273654,flat,0.000000,0.000000,1,0,0.002138,0.002073,0.002021,5200167,0.00000000,0.00000000,0.32000000,0.04500000,1.00000000,5200167,0.00000000,0.00000000,0.32000000,0.06000000,1.00000000,5200167,0.00000000,0.00000000,0.32000000,0.04500000,1.00000000,0.00000000,0.00000000,0.00000000,0.01500000,0,delta_clearance_too_large,empirical
1785198619.323658,flat,0.000000,0.000000,1,0,0.001073,0.000993,0.000929,5200169,0.00000000,0.00000000,0.32000000,0.04500000,1.00000000,5200169,0.00000000,0.00000000,0.32000000,0.06000000,1.00000000,5200169,0.00000000,0.00000000,0.32000000,0.04500000,1.00000000,0.00000000,0.00000000,0.00000000,0.01500000,0,delta_clearance_too_large,empirical
1785198619.373722,flat,0.000000,0.000000,1,0,0.001564,0.001497,0.001440,5200171,0.00000000,0.00000000,0.32000000,0.04500000,1.00000000,5200171,0.00000000,0.00000000,0.32000000,0.06000000,1.00000000,5200171,0.00000000,0.00000000,0.32000000,0.04500000,1.00000000,0.00000000,0.00000000,0.00000000,0.01500000,0,delta_clearance_too_large,empirical
1785198619.423704,flat,0.000000,0.000000,1,0,0.002273,0.002212,0.002162,5200173,0.00000000,0.00000000,0.32000000,0.04500000,1.00000000,5200173,0.00000000,0.00000000,0.32000000,0.06000000,1.00000000,5200173,0.00000000,0.00000000,0.32000000,0.04500000,1.00000000,0.00000000,0.00000000,0.00000000,0.01500000,0,delta_clearance_too_large,empirical
1785198619.473705,flat,0.000000,0.000000,1,0,0.002197,0.002137,0.002086,5200175,0.00000000,0.00000000,0.32000000,0.04500000,1.00000000,5200175,0.00000000,0.00000000,0.32000000,0.06000000,1.00000000,5200175,0.00000000,0.00000000,0.32000000,0.04500000,1.00000000,0.00000000,0.00000000,0.00000000,0.01500000,0,delta_clearance_too_large,empirical
1785198619.523729,flat,0.000000,0.000000,1,0,0.001102,0.000969,0.000855,5200177,0.00000000,0.00000000,0.32000000,0.04500000,1.00000000,5200177,0.00000000,0.00000000,0.32000000,0.06000000,1.00000000,5200177,0.00000000,0.00000000,0.32000000,0.04500000,1.00000000,0.00000000,0.00000000,0.00000000,0.01500000,0,delta_clearance_too_large,empirical
1785198619.573718,flat,0.000000,0.000000,1,0,0.002201,0.002142,0.002084,5200179,0.00000000,0.00000000,0.32000000,0.04500000,1.00000000,5200179,0.00000000,0.00000000,0.32000000,0.06000000,1.00000000,5200179,0.00000000,0.00000000,0.32000000,0.04500000,1.00000000,0.00000000,0.00000000,0.00000000,0.01500000,0,delta_clearance_too_large,empirical
1785198619.623684,flat,0.000000,0.000000,1,0,0.002291,0.002231,0.002181,5200181,0.00000000,0.00000000,0.32000000,0.04500000,1.00000000,5200181,0.00000000,0.00000000,0.32000000,0.06000000,1.00000000,5200181,0.00000000,0.00000000,0.32000000,0.04500000,1.00000000,0.00000000,0.00000000,0.00000000,0.01500000,0,delta_clearance_too_large,empirical
1785198619.673891,flat,0.000000,0.000000,1,0,0.002374,0.002314,0.002262,5200183,0.00000000,0.00000000,0.32000000,0.04500000,1.00000000,5200183,0.00000000,0.00000000,0.32000000,0.06000000,1.00000000,5200183,0.00000000,0.00000000,0.32000000,0.04500000,1.00000000,0.00000000,0.00000000,0.00000000,0.01500000,0,delta_clearance_too_large,empirical
1785198619.723735,flat,0.000000,0.000000,1,0,0.002358,0.002299,0.002246,5200185,0.00000000,0.00000000,0.32000000,0.04500000,1.00000000,5200185,0.00000000,0.00000000,0.32000000,0.06000000,1.00000000,5200185,0.00000000,0.00000000,0.32000000,0.04500000,1.00000000,0.00000000,0.00000000,0.00000000,0.01500000,0,delta_clearance_too_large,empirical
1785198619.773752,flat,0.000000,0.000000,1,0,0.002324,0.002261,0.002209,5200187,0.00000000,0.00000000,0.32000000,0.04500000,1.00000000,5200187,0.00000000,0.00000000,0.32000000,0.06000000,1.00000000,5200187,0.00000000,0.00000000,0.32000000,0.04500000,1.00000000,0.00000000,0.00000000,0.00000000,0.01500000,0,delta_clearance_too_large,empirical
1785198619.824421,flat,0.000000,0.000000,1,0,0.003002,0.002943,0.002874,5200189,0.00000000,0.00000000,0.32000000,0.04500000,1.00000000,5200189,0.00000000,0.00000000,0.32000000,0.06000000,1.00000000,5200189,0.00000000,0.00000000,0.32000000,0.04500000,1.00000000,0.00000000,0.00000000,0.00000000,0.01500000,0,delta_clearance_too_large,empirical
1785198619.873693,flat,0.000000,0.000000,1,0,0.002144,0.002082,0.001917,5200191,0.00000000,0.00000000,0.32000000,0.04500000,1.00000000,5200191,0.00000000,0.00000000,0.32000000,0.06000000,1.00000000,5200191,0.00000000,0.00000000,0.32000000,0.04500000,1.00000000,0.00000000,0.00000000,0.00000000,0.01500000,0,delta_clearance_too_large,empirical
1785198619.923659,flat,0.000000,0.000000,1,0,0.001742,0.001677,0.001625,5200193,0.00000000,0.00000000,0.32000000,0.04500000,1.00000000,5200193,0.00000000,0.00000000,0.32000000,0.06000000,1.00000000,5200193,0.00000000,0.00000000,0.32000000,0.04500000,1.00000000,0.00000000,0.00000000,0.00000000,0.01500000,0,delta_clearance_too_large,empirical
1785198619.973726,flat,0.000000,0.000000,1,0,0.002092,0.002007,0.001940,5200195,0.00000000,0.00000000,0.32000000,0.04500000,1.00000000,5200195,0.00000000,0.00000000,0.32000000,0.06000000,1.00000000,5200195,0.00000000,0.00000000,0.32000000,0.04500000,1.00000000,0.00000000,0.00000000,0.00000000,0.01500000,0,delta_clearance_too_large,empirical
1785198620.023737,flat,0.000000,0.000000,1,0,0.002297,0.002225,0.002169,5200197,0.00000000,0.00000000,0.32000000,0.04500000,1.00000000,5200197,0.00000000,0.00000000,0.32000000,0.06000000,1.00000000,5200197,0.00000000,0.00000000,0.32000000,0.04500000,1.00000000,0.00000000,0.00000000,0.00000000,0.01500000,0,delta_clearance_too_large,empirical
1785198620.073699,flat,0.000000,0.000000,1,0,0.001893,0.001805,0.001752,5200199,0.00000000,0.00000000,0.32000000,0.04500000,1.00000000,5200199,0.00000000,0.00000000,0.32000000,0.06000000,1.00000000,5200199,0.00000000,0.00000000,0.32000000,0.04500000,1.00000000,0.00000000,0.00000000,0.00000000,0.01500000,0,delta_clearance_too_large,empirical
1785198620.123751,flat,0.000000,0.000000,1,0,0.002331,0.002270,0.002218,5200201,0.00000000,0.00000000,0.32000000,0.04500000,1.00000000,5200201,0.00000000,0.00000000,0.32000000,0.06000000,1.00000000,5200201,0.00000000,0.00000000,0.32000000,0.04500000,1.00000000,0.00000000,0.00000000,0.00000000,0.01500000,0,delta_clearance_too_large,empirical
1785198620.173742,flat,0.000000,0.000000,1,0,0.001747,0.001658,0.001594,5200203,0.00000000,0.00000000,0.32000000,0.04500000,1.00000000,5200203,0.00000000,0.00000000,0.32000000,0.06000000,1.00000000,5200203,0.00000000,0.00000000,0.32000000,0.04500000,1.00000000,0.00000000,0.00000000,0.00000000,0.01500000,0,delta_clearance_too_large,empirical
1785198620.223776,flat,0.000000,0.000000,1,0,0.001822,0.001702,0.001590,5200205,0.00000000,0.00000000,0.32000000,0.04500000,1.00000000,5200205,0.00000000,0.00000000,0.32000000,0.06000000,1.00000000,5200205,0.00000000,0.00000000,0.32000000,0.04500000,1.00000000,0.00000000,0.00000000,0.00000000,0.01500000,0,delta_clearance_too_large,empirical
1785198620.273743,flat,0.000000,0.000000,1,0,0.001110,0.000962,0.000845,5200207,0.00000000,0.00000000,0.32000000,0.04500000,1.00000000,5200207,0.00000000,0.00000000,0.32000000,0.06000000,1.00000000,5200207,0.00000000,0.00000000,0.32000000,0.04500000,1.00000000,0.00000000,0.00000000,0.00000000,0.01500000,0,delta_clearance_too_large,empirical
1785198620.323831,flat,0.000000,0.000000,1,0,0.002470,0.002411,0.002361,5200209,0.00000000,0.00000000,0.32000000,0.04500000,1.00000000,5200209,0.00000000,0.00000000,0.32000000,0.06000000,1.00000000,5200209,0.00000000,0.00000000,0.32000000,0.04500000,1.00000000,0.00000000,0.00000000,0.00000000,0.01500000,0,delta_clearance_too_large,empirical
1785198620.373707,flat,0.000000,0.000000,1,0,0.002138,0.002010,0.001933,5200211,0.00000000,0.00000000,0.32000000,0.04500000,1.00000000,5200211,0.00000000,0.00000000,0.32000000,0.06000000,1.00000000,5200211,0.00000000,0.00000000,0.32000000,0.04500000,1.00000000,0.00000000,0.00000000,0.00000000,0.01500000,0,delta_clearance_too_large,empirical
1785198620.423642,flat,0.000000,0.000000,1,0,0.002244,0.002184,0.002131,5200213,0.00000000,0.00000000,0.32000000,0.04500000,1.00000000,5200213,0.00000000,0.00000000,0.32000000,0.06000000,1.00000000,5200213,0.00000000,0.00000000,0.32000000,0.04500000,1.00000000,0.00000000,0.00000000,0.00000000,0.01500000,0,delta_clearance_too_large,empirical
1785198620.473735,flat,0.000000,0.000000,1,0,0.002261,0.002202,0.002151,5200215,0.00000000,0.00000000,0.32000000,0.04500000,1.00000000,5200215,0.00000000,0.00000000,0.32000000,0.06000000,1.00000000,5200215,0.00000000,0.00000000,0.32000000,0.04500000,1.00000000,0.00000000,0.00000000,0.00000000,0.01500000,0,delta_clearance_too_large,empirical
1785198620.523971,flat,0.000000,0.000000,1,0,0.002547,0.002487,0.002435,5200217,0.00000000,0.00000000,0.32000000,0.04500000,1.00000000,5200217,0.00000000,0.00000000,0.32000000,0.06000000,1.00000000,5200217,0.00000000,0.00000000,0.32000000,0.04500000,1.00000000,0.00000000,0.00000000,0.00000000,0.01500000,0,delta_clearance_too_large,empirical
1785198620.573687,flat,0.000000,0.000000,1,0,0.001748,0.001623,0.001547,5200219,0.00000000,0.00000000,0.32000000,0.04500000,1.00000000,5200219,0.00000000,0.00000000,0.32000000,0.06000000,1.00000000,5200219,0.00000000,0.00000000,0.32000000,0.04500000,1.00000000,0.00000000,0.00000000,0.00000000,0.01500000,0,delta_clearance_too_large,empirical
1785198620.623672,flat,0.000000,0.000000,1,0,0.002162,0.002101,0.002048,5200221,0.00000000,0.00000000,0.32000000,0.04500000,1.00000000,5200221,0.00000000,0.00000000,0.32000000,0.06000000,1.00000000,5200221,0.00000000,0.00000000,0.32000000,0.04500000,1.00000000,0.00000000,0.00000000,0.00000000,0.01500000,0,delta_clearance_too_large,empirical
1785198620.673953,flat,0.000000,0.000000,1,0,0.001690,0.001609,0.001549,5200223,0.00000000,0.00000000,0.32000000,0.04500000,1.00000000,5200223,0.00000000,0.00000000,0.32000000,0.06000000,1.00000000,5200223,0.00000000,0.00000000,0.32000000,0.04500000,1.00000000,0.00000000,0.00000000,0.00000000,0.01500000,0,delta_clearance_too_large,empirical
1785198620.723648,flat,0.000000,0.000000,1,0,0.002176,0.002108,0.002055,5200225,0.00000000,0.00000000,0.32000000,0.04500000,1.00000000,5200225,0.00000000,0.00000000,0.32000000,0.06000000,1.00000000,5200225,0.00000000,0.00000000,0.32000000,0.04500000,1.00000000,0.00000000,0.00000000,0.00000000,0.01500000,0,delta_clearance_too_large,empirical
1785198620.773898,flat,0.000000,0.000000,1,0,0.002265,0.002183,0.002128,5200227,0.00000000,0.00000000,0.32000000,0.04500000,1.00000000,5200227,0.00000000,0.00000000,0.32000000,0.06000000,1.00000000,5200227,0.00000000,0.00000000,0.32000000,0.04500000,1.00000000,0.00000000,0.00000000,0.00000000,0.01500000,0,delta_clearance_too_large,empirical
1785198620.823956,flat,0.000000,0.000000,1,0,0.002553,0.002493,0.002441,5200229,0.00000000,0.00000000,0.32000000,0.04500000,1.00000000,5200229,0.00000000,0.00000000,0.32000000,0.06000000,1.00000000,5200229,0.00000000,0.00000000,0.32000000,0.04500000,1.00000000,0.00000000,0.00000000,0.00000000,0.01500000,0,delta_clearance_too_large,empirical
1785198620.873757,flat,0.000000,0.000000,1,0,0.002141,0.002081,0.002019,5200231,0.00000000,0.00000000,0.32000000,0.04500000,1.00000000,5200231,0.00000000,0.00000000,0.32000000,0.06000000,1.00000000,5200231,0.00000000,0.00000000,0.32000000,0.04500000,1.00000000,0.00000000,0.00000000,0.00000000,0.01500000,0,delta_clearance_too_large,empirical
1785198620.923710,flat,0.000000,0.000000,1,0,0.002078,0.001985,0.001930,5200233,0.00000000,0.00000000,0.32000000,0.04500000,1.00000000,5200233,0.00000000,0.00000000,0.32000000,0.06000000,1.00000000,5200233,0.00000000,0.00000000,0.32000000,0.04500000,1.00000000,0.00000000,0.00000000,0.00000000,0.01500000,0,delta_clearance_too_large,empirical
1785198620.974557,flat,0.000000,0.000000,1,0,0.003060,0.002991,0.002939,5200235,0.00000000,0.00000000,0.32000000,0.04500000,1.00000000,5200235,0.00000000,0.00000000,0.32000000,0.06000000,1.00000000,5200235,0.00000000,0.00000000,0.32000000,0.04500000,1.00000000,0.00000000,0.00000000,0.00000000,0.01500000,0,delta_clearance_too_large,empirical
1785198621.023775,flat,0.000000,0.000000,1,0,0.002087,0.002002,0.001934,5200237,0.00000000,0.00000000,0.32000000,0.04500000,1.00000000,5200237,0.00000000,0.00000000,0.32000000,0.06000000,1.00000000,5200237,0.00000000,0.00000000,0.32000000,0.04500000,1.00000000,0.00000000,0.00000000,0.00000000,0.01500000,0,delta_clearance_too_large,empirical
1785198621.073815,flat,0.000000,0.000000,1,0,0.002340,0.002280,0.002228,5200239,0.00000000,0.00000000,0.32000000,0.04500000,1.00000000,5200239,0.00000000,0.00000000,0.32000000,0.06000000,1.00000000,5200239,0.00000000,0.00000000,0.32000000,0.04500000,1.00000000,0.00000000,0.00000000,0.00000000,0.01500000,0,delta_clearance_too_large,empirical
1785198621.123689,flat,0.000000,0.000000,1,0,0.001956,0.001840,0.001750,5200241,0.00000000,0.00000000,0.32000000,0.04500000,1.00000000,5200241,0.00000000,0.00000000,0.32000000,0.06000000,1.00000000,5200241,0.00000000,0.00000000,0.32000000,0.04500000,1.00000000,0.00000000,0.00000000,0.00000000,0.01500000,0,delta_clearance_too_large,empirical
1785198621.173755,flat,0.000000,0.000000,1,0,0.001832,0.001753,0.001681,5200243,0.00000000,0.00000000,0.32000000,0.04500000,1.00000000,5200243,0.00000000,0.00000000,0.32000000,0.06000000,1.00000000,5200243,0.00000000,0.00000000,0.32000000,0.04500000,1.00000000,0.00000000,0.00000000,0.00000000,0.01500000,0,delta_clearance_too_large,empirical
1785198621.223708,flat,0.000000,0.000000,1,0,0.002326,0.002266,0.002215,5200245,0.00000000,0.00000000,0.32000000,0.04500000,1.00000000,5200245,0.00000000,0.00000000,0.32000000,0.06000000,1.00000000,5200245,0.00000000,0.00000000,0.32000000,0.04500000,1.00000000,0.00000000,0.00000000,0.00000000,0.01500000,0,delta_clearance_too_large,empirical
1785198621.273834,flat,0.000000,0.000000,1,0,0.001725,0.001604,0.001493,5200247,0.00000000,0.00000000,0.32000000,0.04500000,1.00000000,5200247,0.00000000,0.00000000,0.32000000,0.06000000,1.00000000,5200247,0.00000000,0.00000000,0.32000000,0.04500000,1.00000000,0.00000000,0.00000000,0.00000000,0.01500000,0,delta_clearance_too_large,empirical
1785198621.323946,flat,0.000000,0.000000,1,0,0.001858,0.001717,0.001568,5200249,0.00000000,0.00000000,0.32000000,0.04500000,1.00000000,5200249,0.00000000,0.00000000,0.32000000,0.06000000,1.00000000,5200249,0.00000000,0.00000000,0.32000000,0.04500000,1.00000000,0.00000000,0.00000000,0.00000000,0.01500000,0,delta_clearance_too_large,empirical
1785198621.373898,flat,0.000000,0.000000,1,0,0.001996,0.001913,0.001844,5200251,0.00000000,0.00000000,0.32000000,0.04500000,1.00000000,5200251,0.00000000,0.00000000,0.32000000,0.06000000,1.00000000,5200251,0.00000000,0.00000000,0.32000000,0.04500000,1.00000000,0.00000000,0.00000000,0.00000000,0.01500000,0,delta_clearance_too_large,empirical
1785198621.423729,flat,0.000000,0.000000,1,0,0.002345,0.002287,0.002238,5200253,0.00000000,0.00000000,0.32000000,0.04500000,1.00000000,5200253,0.00000000,0.00000000,0.32000000,0.06000000,1.00000000,5200253,0.00000000,0.00000000,0.32000000,0.04500000,1.00000000,0.00000000,0.00000000,0.00000000,0.01500000,0,delta_clearance_too_large,empirical
1785198621.473862,flat,0.000000,0.000000,1,0,0.001731,0.001609,0.001483,5200255,0.00000000,0.00000000,0.32000000,0.04500000,1.00000000,5200255,0.00000000,0.00000000,0.32000000,0.06000000,1.00000000,5200255,0.00000000,0.00000000,0.32000000,0.04500000,1.00000000,0.00000000,0.00000000,0.00000000,0.01500000,0,delta_clearance_too_large,empirical
1785198621.523853,flat,0.000000,0.000000,1,0,0.001826,0.001701,0.001589,5200257,0.00000000,0.00000000,0.32000000,0.04500000,1.00000000,5200257,0.00000000,0.00000000,0.32000000,0.06000000,1.00000000,5200257,0.00000000,0.00000000,0.32000000,0.04500000,1.00000000,0.00000000,0.00000000,0.00000000,0.01500000,0,delta_clearance_too_large,empirical
1785198621.573784,flat,0.000000,0.000000,1,0,0.002197,0.002126,0.002064,5200259,0.00000000,0.00000000,0.32000000,0.04500000,1.00000000,5200259,0.00000000,0.00000000,0.32000000,0.06000000,1.00000000,5200259,0.00000000,0.00000000,0.32000000,0.04500000,1.00000000,0.00000000,0.00000000,0.00000000,0.01500000,0,delta_clearance_too_large,empirical
1785198621.623680,flat,0.000000,0.000000,1,0,0.001625,0.001561,0.001509,5200261,0.00000000,0.00000000,0.32000000,0.04500000,1.00000000,5200261,0.00000000,0.00000000,0.32000000,0.06000000,1.00000000,5200261,0.00000000,0.00000000,0.32000000,0.04500000,1.00000000,0.00000000,0.00000000,0.00000000,0.01500000,0,delta_clearance_too_large,empirical
1785198621.673722,flat,0.000000,0.000000,1,0,0.001792,0.001699,0.001619,5200263,0.00000000,0.00000000,0.32000000,0.04500000,1.00000000,5200263,0.00000000,0.00000000,0.32000000,0.06000000,1.00000000,5200263,0.00000000,0.00000000,0.32000000,0.04500000,1.00000000,0.00000000,0.00000000,0.00000000,0.01500000,0,delta_clearance_too_large,empirical
1785198621.723741,flat,0.000000,0.000000,1,0,0.002192,0.002131,0.002080,5200265,0.00000000,0.00000000,0.32000000,0.04500000,1.00000000,5200265,0.00000000,0.00000000,0.32000000,0.06000000,1.00000000,5200265,0.00000000,0.00000000,0.32000000,0.04500000,1.00000000,0.00000000,0.00000000,0.00000000,0.01500000,0,delta_clearance_too_large,empirical
1785198621.773928,flat,0.000000,0.000000,1,0,0.002177,0.002078,0.002000,5200267,0.00000000,0.00000000,0.32000000,0.04500000,1.00000000,5200267,0.00000000,0.00000000,0.32000000,0.06000000,1.00000000,5200267,0.00000000,0.00000000,0.32000000,0.04500000,1.00000000,0.00000000,0.00000000,0.00000000,0.01500000,0,delta_clearance_too_large,empirical
1785198621.823736,flat,0.000000,0.000000,1,0,0.001677,0.001553,0.001440,5200269,0.00000000,0.00000000,0.32000000,0.04500000,1.00000000,5200269,0.00000000,0.00000000,0.32000000,0.06000000,1.00000000,5200269,0.00000000,0.00000000,0.32000000,0.04500000,1.00000000,0.00000000,0.00000000,0.00000000,0.01500000,0,delta_clearance_too_large,empirical
1785198621.873725,flat,0.000000,0.000000,1,0,0.002309,0.002247,0.002197,5200271,0.00000000,0.00000000,0.32000000,0.04500000,1.00000000,5200271,0.00000000,0.00000000,0.32000000,0.06000000,1.00000000,5200271,0.00000000,0.00000000,0.32000000,0.04500000,1.00000000,0.00000000,0.00000000,0.00000000,0.01500000,0,delta_clearance_too_large,empirical
1785198621.923685,flat,0.000000,0.000000,1,0,0.002223,0.002160,0.002109,5200273,0.00000000,0.00000000,0.32000000,0.04500000,1.00000000,5200273,0.00000000,0.00000000,0.32000000,0.06000000,1.00000000,5200273,0.00000000,0.00000000,0.32000000,0.04500000,1.00000000,0.00000000,0.00000000,0.00000000,0.01500000,0,delta_clearance_too_large,empirical
1785198621.973643,flat,0.000000,0.000000,1,0,0.001203,0.001050,0.000877,5200275,0.00000000,0.00000000,0.32000000,0.04500000,1.00000000,5200275,0.00000000,0.00000000,0.32000000,0.06000000,1.00000000,5200275,0.00000000,0.00000000,0.32000000,0.04500000,1.00000000,0.00000000,0.00000000,0.00000000,0.01500000,0,delta_clearance_too_large,empirical
1785198622.023702,flat,0.000000,0.000000,1,0,0.002215,0.002154,0.002104,5200277,0.00000000,0.00000000,0.32000000,0.04500000,1.00000000,5200277,0.00000000,0.00000000,0.32000000,0.06000000,1.00000000,5200277,0.00000000,0.00000000,0.32000000,0.04500000,1.00000000,0.00000000,0.00000000,0.00000000,0.01500000,0,delta_clearance_too_large,empirical
1785198622.074056,flat,0.000000,0.000000,1,0,0.001359,0.001081,0.000949,5200279,0.00000000,0.00000000,0.32000000,0.04500000,1.00000000,5200279,0.00000000,0.00000000,0.32000000,0.06000000,1.00000000,5200279,0.00000000,0.00000000,0.32000000,0.04500000,1.00000000,0.00000000,0.00000000,0.00000000,0.01500000,0,delta_clearance_too_large,empirical
1785198622.123719,flat,0.000000,0.000000,1,0,0.002183,0.002122,0.002068,5200281,0.00000000,0.00000000,0.32000000,0.04500000,1.00000000,5200281,0.00000000,0.00000000,0.32000000,0.06000000,1.00000000,5200281,0.00000000,0.00000000,0.32000000,0.04500000,1.00000000,0.00000000,0.00000000,0.00000000,0.01500000,0,delta_clearance_too_large,empirical
1785198622.173808,flat,0.000000,0.000000,1,0,0.002310,0.002246,0.002194,5200283,0.00000000,0.00000000,0.32000000,0.04500000,1.00000000,5200283,0.00000000,0.00000000,0.32000000,0.06000000,1.00000000,5200283,0.00000000,0.00000000,0.32000000,0.04500000,1.00000000,0.00000000,0.00000000,0.00000000,0.01500000,0,delta_clearance_too_large,empirical
1785198622.224000,flat,0.000000,0.000000,1,0,0.002350,0.002284,0.002233,5200285,0.00000000,0.00000000,0.32000000,0.04500000,1.00000000,5200285,0.00000000,0.00000000,0.32000000,0.06000000,1.00000000,5200285,0.00000000,0.00000000,0.32000000,0.04500000,1.00000000,0.00000000,0.00000000,0.00000000,0.01500000,0,delta_clearance_too_large,empirical
1785198622.273764,flat,0.000000,0.000000,1,0,0.002346,0.002286,0.002236,5200287,0.00000000,0.00000000,0.32000000,0.04500000,1.00000000,5200287,0.00000000,0.00000000,0.32000000,0.06000000,1.00000000,5200287,0.00000000,0.00000000,0.32000000,0.04500000,1.00000000,0.00000000,0.00000000,0.00000000,0.01500000,0,delta_clearance_too_large,empirical
1785198622.323768,flat,0.000000,0.000000,1,0,0.002145,0.002050,0.001972,5200289,0.00000000,0.00000000,0.32000000,0.04500000,1.00000000,5200289,0.00000000,0.00000000,0.32000000,0.06000000,1.00000000,5200289,0.00000000,0.00000000,0.32000000,0.04500000,1.00000000,0.00000000,0.00000000,0.00000000,0.01500000,0,delta_clearance_too_large,empirical
1785198622.374233,flat,0.000000,0.000000,1,0,0.001692,0.001566,0.001446,5200291,0.00000000,0.00000000,0.32000000,0.04500000,1.00000000,5200291,0.00000000,0.00000000,0.32000000,0.06000000,1.00000000,5200291,0.00000000,0.00000000,0.32000000,0.04500000,1.00000000,0.00000000,0.00000000,0.00000000,0.01500000,0,delta_clearance_too_large,empirical
1785198622.423774,flat,0.000000,0.000000,1,0,0.002352,0.002292,0.002242,5200293,0.00000000,0.00000000,0.32000000,0.04500000,1.00000000,5200293,0.00000000,0.00000000,0.32000000,0.06000000,1.00000000,5200293,0.00000000,0.00000000,0.32000000,0.04500000,1.00000000,0.00000000,0.00000000,0.00000000,0.01500000,0,delta_clearance_too_large,empirical
1785198622.473708,flat,0.000000,0.000000,1,0,0.002279,0.002221,0.002171,5200295,0.00000000,0.00000000,0.32000000,0.04500000,1.00000000,5200295,0.00000000,0.00000000,0.32000000,0.06000000,1.00000000,5200295,0.00000000,0.00000000,0.32000000,0.04500000,1.00000000,0.00000000,0.00000000,0.00000000,0.01500000,0,delta_clearance_too_large,empirical
1785198622.523659,flat,0.000000,0.000000,1,0,0.001915,0.001834,0.001765,5200297,0.00000000,0.00000000,0.32000000,0.04500000,1.00000000,5200297,0.00000000,0.00000000,0.32000000,0.06000000,1.00000000,5200297,0.00000000,0.00000000,0.32000000,0.04500000,1.00000000,0.00000000,0.00000000,0.00000000,0.01500000,0,delta_clearance_too_large,empirical
1785198622.573828,flat,0.000000,0.000000,1,0,0.002337,0.002275,0.002224,5200299,0.00000000,0.00000000,0.32000000,0.04500000,1.00000000,5200299,0.00000000,0.00000000,0.32000000,0.06000000,1.00000000,5200299,0.00000000,0.00000000,0.32000000,0.04500000,1.00000000,0.00000000,0.00000000,0.00000000,0.01500000,0,delta_clearance_too_large,empirical
1785198622.623682,flat,0.000000,0.000000,1,0,0.001718,0.001655,0.001604,5200301,0.00000000,0.00000000,0.32000000,0.04500000,1.00000000,5200301,0.00000000,0.00000000,0.32000000,0.06000000,1.00000000,5200301,0.00000000,0.00000000,0.32000000,0.04500000,1.00000000,0.00000000,0.00000000,0.00000000,0.01500000,0,delta_clearance_too_large,empirical
1785198622.673872,flat,0.000000,0.000000,1,0,0.002367,0.002303,0.002250,5200303,0.00000000,0.00000000,0.32000000,0.04500000,1.00000000,5200303,0.00000000,0.00000000,0.32000000,0.06000000,1.00000000,5200303,0.00000000,0.00000000,0.32000000,0.04500000,1.00000000,0.00000000,0.00000000,0.00000000,0.01500000,0,delta_clearance_too_large,empirical
1785198622.723865,flat,0.000000,0.000000,1,0,0.002287,0.002219,0.002156,5200305,0.00000000,0.00000000,0.32000000,0.04500000,1.00000000,5200305,0.00000000,0.00000000,0.32000000,0.06000000,1.00000000,5200305,0.00000000,0.00000000,0.32000000,0.04500000,1.00000000,0.00000000,0.00000000,0.00000000,0.01500000,0,delta_clearance_too_large,empirical
1785198622.773741,flat,0.000000,0.000000,1,0,0.002040,0.001975,0.001924,5200307,0.00000000,0.00000000,0.32000000,0.04500000,1.00000000,5200307,0.00000000,0.00000000,0.32000000,0.06000000,1.00000000,5200307,0.00000000,0.00000000,0.32000000,0.04500000,1.00000000,0.00000000,0.00000000,0.00000000,0.01500000,0,delta_clearance_too_large,empirical
1785198622.823690,flat,0.000000,0.000000,1,0,0.002234,0.002142,0.002068,5200309,0.00000000,0.00000000,0.32000000,0.04500000,1.00000000,5200309,0.00000000,0.00000000,0.32000000,0.06000000,1.00000000,5200309,0.00000000,0.00000000,0.32000000,0.04500000,1.00000000,0.00000000,0.00000000,0.00000000,0.01500000,0,delta_clearance_too_large,empirical
1785198622.873708,flat,0.000000,0.000000,1,0,0.002242,0.002179,0.002128,5200311,0.00000000,0.00000000,0.32000000,0.04500000,1.00000000,5200311,0.00000000,0.00000000,0.32000000,0.06000000,1.00000000,5200311,0.00000000,0.00000000,0.32000000,0.04500000,1.00000000,0.00000000,0.00000000,0.00000000,0.01500000,0,delta_clearance_too_large,empirical
1785198622.925045,flat,0.000000,0.000000,1,0,0.003228,0.003148,0.003095,5200313,0.00000000,0.00000000,0.32000000,0.04500000,1.00000000,5200313,0.00000000,0.00000000,0.32000000,0.06000000,1.00000000,5200313,0.00000000,0.00000000,0.32000000,0.04500000,1.00000000,0.00000000,0.00000000,0.00000000,0.01500000,0,delta_clearance_too_large,empirical
1785198622.973696,flat,0.000000,0.000000,1,0,0.002249,0.002190,0.002140,5200315,0.00000000,0.00000000,0.32000000,0.04500000,1.00000000,5200315,0.00000000,0.00000000,0.32000000,0.06000000,1.00000000,5200315,0.00000000,0.00000000,0.32000000,0.04500000,1.00000000,0.00000000,0.00000000,0.00000000,0.01500000,0,delta_clearance_too_large,empirical
1785198623.023702,flat,0.000000,0.000000,1,0,0.001980,0.001917,0.001866,5200317,0.00000000,0.00000000,0.32000000,0.04500000,1.00000000,5200317,0.00000000,0.00000000,0.32000000,0.06000000,1.00000000,5200317,0.00000000,0.00000000,0.32000000,0.04500000,1.00000000,0.00000000,0.00000000,0.00000000,0.01500000,0,delta_clearance_too_large,empirical
1785198623.073761,flat,0.000000,0.000000,1,0,0.001994,0.001930,0.001847,5200319,0.00000000,0.00000000,0.32000000,0.04500000,1.00000000,5200319,0.00000000,0.00000000,0.32000000,0.06000000,1.00000000,5200319,0.00000000,0.00000000,0.32000000,0.04500000,1.00000000,0.00000000,0.00000000,0.00000000,0.01500000,0,delta_clearance_too_large,empirical
1785198623.123774,flat,0.000000,0.000000,1,0,0.001766,0.001618,0.001499,5200321,0.00000000,0.00000000,0.32000000,0.04500000,1.00000000,5200321,0.00000000,0.00000000,0.32000000,0.06000000,1.00000000,5200321,0.00000000,0.00000000,0.32000000,0.04500000,1.00000000,0.00000000,0.00000000,0.00000000,0.01500000,0,delta_clearance_too_large,empirical
1785198623.173829,flat,0.000000,0.000000,1,0,0.001692,0.001537,0.001421,5200323,0.00000000,0.00000000,0.32000000,0.04500000,1.00000000,5200323,0.00000000,0.00000000,0.32000000,0.06000000,1.00000000,5200323,0.00000000,0.00000000,0.32000000,0.04500000,1.00000000,0.00000000,0.00000000,0.00000000,0.01500000,0,delta_clearance_too_large,empirical
1785198623.223781,flat,0.000000,0.000000,1,0,0.002351,0.002261,0.002167,5200325,0.00000000,0.00000000,0.32000000,0.04500000,1.00000000,5200325,0.00000000,0.00000000,0.32000000,0.06000000,1.00000000,5200325,0.00000000,0.00000000,0.32000000,0.04500000,1.00000000,0.00000000,0.00000000,0.00000000,0.01500000,0,delta_clearance_too_large,empirical
1785198623.273713,flat,0.000000,0.000000,1,0,0.002275,0.002215,0.002166,5200327,0.00000000,0.00000000,0.32000000,0.04500000,1.00000000,5200327,0.00000000,0.00000000,0.32000000,0.06000000,1.00000000,5200327,0.00000000,0.00000000,0.32000000,0.04500000,1.00000000,0.00000000,0.00000000,0.00000000,0.01500000,0,delta_clearance_too_large,empirical
1785198623.323692,flat,0.000000,0.000000,1,0,0.002277,0.002218,0.002169,5200329,0.00000000,0.00000000,0.32000000,0.04500000,1.00000000,5200329,0.00000000,0.00000000,0.32000000,0.06000000,1.00000000,5200329,0.00000000,0.00000000,0.32000000,0.04500000,1.00000000,0.00000000,0.00000000,0.00000000,0.01500000,0,delta_clearance_too_large,empirical
1785198623.373639,flat,0.000000,0.000000,1,0,0.001318,0.001157,0.001056,5200331,0.00000000,0.00000000,0.32000000,0.04500000,1.00000000,5200331,0.00000000,0.00000000,0.32000000,0.06000000,1.00000000,5200331,0.00000000,0.00000000,0.32000000,0.04500000,1.00000000,0.00000000,0.00000000,0.00000000,0.01500000,0,delta_clearance_too_large,empirical
1785198623.423681,flat,0.000000,0.000000,1,0,0.002216,0.002155,0.002105,5200333,0.00000000,0.00000000,0.32000000,0.04500000,1.00000000,5200333,0.00000000,0.00000000,0.32000000,0.06000000,1.00000000,5200333,0.00000000,0.00000000,0.32000000,0.04500000,1.00000000,0.00000000,0.00000000,0.00000000,0.01500000,0,delta_clearance_too_large,empirical
1785198623.473974,flat,0.000000,0.000000,1,0,0.001784,0.001642,0.001521,5200335,0.00000000,0.00000000,0.32000000,0.04500000,1.00000000,5200335,0.00000000,0.00000000,0.32000000,0.06000000,1.00000000,5200335,0.00000000,0.00000000,0.32000000,0.04500000,1.00000000,0.00000000,0.00000000,0.00000000,0.01500000,0,delta_clearance_too_large,empirical
1785198623.523805,flat,0.000000,0.000000,1,0,0.002361,0.002294,0.002237,5200337,0.00000000,0.00000000,0.32000000,0.04500000,1.00000000,5200337,0.00000000,0.00000000,0.32000000,0.06000000,1.00000000,5200337,0.00000000,0.00000000,0.32000000,0.04500000,1.00000000,0.00000000,0.00000000,0.00000000,0.01500000,0,delta_clearance_too_large,empirical
1785198623.573647,flat,0.000000,0.000000,1,0,0.002178,0.002116,0.002065,5200339,0.00000000,0.00000000,0.32000000,0.04500000,1.00000000,5200339,0.00000000,0.00000000,0.32000000,0.06000000,1.00000000,5200339,0.00000000,0.00000000,0.32000000,0.04500000,1.00000000,0.00000000,0.00000000,0.00000000,0.01500000,0,delta_clearance_too_large,empirical
1785198623.623695,flat,0.000000,0.000000,1,0,0.002293,0.002234,0.002183,5200341,0.00000000,0.00000000,0.32000000,0.04500000,1.00000000,5200341,0.00000000,0.00000000,0.32000000,0.06000000,1.00000000,5200341,0.00000000,0.00000000,0.32000000,0.04500000,1.00000000,0.00000000,0.00000000,0.00000000,0.01500000,0,delta_clearance_too_large,empirical
1785198623.673682,flat,0.000000,0.000000,1,0,0.001889,0.001799,0.001719,5200343,0.00000000,0.00000000,0.32000000,0.04500000,1.00000000,5200343,0.00000000,0.00000000,0.32000000,0.06000000,1.00000000,5200343,0.00000000,0.00000000,0.32000000,0.04500000,1.00000000,0.00000000,0.00000000,0.00000000,0.01500000,0,delta_clearance_too_large,empirical
1785198623.723703,flat,0.000000,0.000000,1,0,0.001378,0.001295,0.001225,5200345,0.00000000,0.00000000,0.32000000,0.04500000,1.00000000,5200345,0.00000000,0.00000000,0.32000000,0.06000000,1.00000000,5200345,0.00000000,0.00000000,0.32000000,0.04500000,1.00000000,0.00000000,0.00000000,0.00000000,0.01500000,0,delta_clearance_too_large,empirical
1785198623.773705,flat,0.000000,0.000000,1,0,0.001996,0.001916,0.001848,5200347,0.00000000,0.00000000,0.32000000,0.04500000,1.00000000,5200347,0.00000000,0.00000000,0.32000000,0.06000000,1.00000000,5200347,0.00000000,0.00000000,0.32000000,0.04500000,1.00000000,0.00000000,0.00000000,0.00000000,0.01500000,0,delta_clearance_too_large,empirical
1785198623.823728,flat,0.000000,0.000000,1,0,0.002274,0.002209,0.002158,5200349,0.00000000,0.00000000,0.32000000,0.04500000,1.00000000,5200349,0.00000000,0.00000000,0.32000000,0.06000000,1.00000000,5200349,0.00000000,0.00000000,0.32000000,0.04500000,1.00000000,0.00000000,0.00000000,0.00000000,0.01500000,0,delta_clearance_too_large,empirical
1785198623.873856,flat,0.000000,0.000000,1,0,0.002270,0.002167,0.002105,5200351,0.00000000,0.00000000,0.32000000,0.04500000,1.00000000,5200351,0.00000000,0.00000000,0.32000000,0.06000000,1.00000000,5200351,0.00000000,0.00000000,0.32000000,0.04500000,1.00000000,0.00000000,0.00000000,0.00000000,0.01500000,0,delta_clearance_too_large,empirical
1785198623.923689,flat,0.000000,0.000000,1,0,0.001962,0.001882,0.001813,5200353,0.00000000,0.00000000,0.32000000,0.04500000,1.00000000,5200353,0.00000000,0.00000000,0.32000000,0.06000000,1.00000000,5200353,0.00000000,0.00000000,0.32000000,0.04500000,1.00000000,0.00000000,0.00000000,0.00000000,0.01500000,0,delta_clearance_too_large,empirical
1785198623.973706,flat,0.000000,0.000000,1,0,0.002271,0.002209,0.002156,5200355,0.00000000,0.00000000,0.32000000,0.04500000,1.00000000,5200355,0.00000000,0.00000000,0.32000000,0.06000000,1.00000000,5200355,0.00000000,0.00000000,0.32000000,0.04500000,1.00000000,0.00000000,0.00000000,0.00000000,0.01500000,0,delta_clearance_too_large,empirical
1785198624.023683,flat,0.000000,0.000000,1,0,0.002227,0.002166,0.002116,5200357,0.00000000,0.00000000,0.32000000,0.04500000,1.00000000,5200357,0.00000000,0.00000000,0.32000000,0.06000000,1.00000000,5200357,0.00000000,0.00000000,0.32000000,0.04500000,1.00000000,0.00000000,0.00000000,0.00000000,0.01500000,0,delta_clearance_too_large,empirical
1785198624.074094,flat,0.000000,0.000000,1,0,0.001585,0.001462,0.001342,5200359,0.00000000,0.00000000,0.32000000,0.04500000,1.00000000,5200359,0.00000000,0.00000000,0.32000000,0.06000000,1.00000000,5200359,0.00000000,0.00000000,0.32000000,0.04500000,1.00000000,0.00000000,0.00000000,0.00000000,0.01500000,0,delta_clearance_too_large,empirical
1785198624.123715,flat,0.000000,0.000000,1,0,0.001725,0.001657,0.001606,5200361,0.00000000,0.00000000,0.32000000,0.04500000,1.00000000,5200361,0.00000000,0.00000000,0.32000000,0.06000000,1.00000000,5200361,0.00000000,0.00000000,0.32000000,0.04500000,1.00000000,0.00000000,0.00000000,0.00000000,0.01500000,0,delta_clearance_too_large,empirical
1785198624.173729,flat,0.000000,0.000000,1,0,0.002092,0.002021,0.001960,5200363,0.00000000,0.00000000,0.32000000,0.04500000,1.00000000,5200363,0.00000000,0.00000000,0.32000000,0.06000000,1.00000000,5200363,0.00000000,0.00000000,0.32000000,0.04500000,1.00000000,0.00000000,0.00000000,0.00000000,0.01500000,0,delta_clearance_too_large,empirical
1785198624.223778,flat,0.000000,0.000000,1,0,0.002190,0.002088,0.002008,5200365,0.00000000,0.00000000,0.32000000,0.04500000,1.00000000,5200365,0.00000000,0.00000000,0.32000000,0.06000000,1.00000000,5200365,0.00000000,0.00000000,0.32000000,0.04500000,1.00000000,0.00000000,0.00000000,0.00000000,0.01500000,0,delta_clearance_too_large,empirical
1785198624.273746,flat,0.000000,0.000000,1,0,0.001800,0.001735,0.001682,5200367,0.00000000,0.00000000,0.32000000,0.04500000,1.00000000,5200367,0.00000000,0.00000000,0.32000000,0.06000000,1.00000000,5200367,0.00000000,0.00000000,0.32000000,0.04500000,1.00000000,0.00000000,0.00000000,0.00000000,0.01500000,0,delta_clearance_too_large,empirical
1785198624.323802,flat,0.000000,0.000000,1,0,0.002341,0.002278,0.002226,5200369,0.00000000,0.00000000,0.32000000,0.04500000,1.00000000,5200369,0.00000000,0.00000000,0.32000000,0.06000000,1.00000000,5200369,0.00000000,0.00000000,0.32000000,0.04500000,1.00000000,0.00000000,0.00000000,0.00000000,0.01500000,0,delta_clearance_too_large,empirical
1785198624.373726,flat,0.000000,0.000000,1,0,0.002090,0.002027,0.001975,5200371,0.00000000,0.00000000,0.32000000,0.04500000,1.00000000,5200371,0.00000000,0.00000000,0.32000000,0.06000000,1.00000000,5200371,0.00000000,0.00000000,0.32000000,0.04500000,1.00000000,0.00000000,0.00000000,0.00000000,0.01500000,0,delta_clearance_too_large,empirical
1785198624.423722,flat,0.000000,0.000000,1,0,0.002290,0.002228,0.002169,5200373,0.00000000,0.00000000,0.32000000,0.04500000,1.00000000,5200373,0.00000000,0.00000000,0.32000000,0.06000000,1.00000000,5200373,0.00000000,0.00000000,0.32000000,0.04500000,1.00000000,0.00000000,0.00000000,0.00000000,0.01500000,0,delta_clearance_too_large,empirical
1785198624.474010,flat,0.000000,0.000000,1,0,0.001159,0.001017,0.000903,5200375,0.00000000,0.00000000,0.32000000,0.04500000,1.00000000,5200375,0.00000000,0.00000000,0.32000000,0.06000000,1.00000000,5200375,0.00000000,0.00000000,0.32000000,0.04500000,1.00000000,0.00000000,0.00000000,0.00000000,0.01500000,0,delta_clearance_too_large,empirical
1785198624.523731,flat,0.000000,0.000000,1,0,0.002311,0.002252,0.002203,5200377,0.00000000,0.00000000,0.32000000,0.04500000,1.00000000,5200377,0.00000000,0.00000000,0.32000000,0.06000000,1.00000000,5200377,0.00000000,0.00000000,0.32000000,0.04500000,1.00000000,0.00000000,0.00000000,0.00000000,0.01500000,0,delta_clearance_too_large,empirical
1785198624.573771,flat,0.000000,0.000000,1,0,0.002278,0.002218,0.002169,5200379,0.00000000,0.00000000,0.32000000,0.04500000,1.00000000,5200379,0.00000000,0.00000000,0.32000000,0.06000000,1.00000000,5200379,0.00000000,0.00000000,0.32000000,0.04500000,1.00000000,0.00000000,0.00000000,0.00000000,0.01500000,0,delta_clearance_too_large,empirical
1785198624.623706,flat,0.000000,0.000000,1,0,0.002266,0.002205,0.002148,5200381,0.00000000,0.00000000,0.32000000,0.04500000,1.00000000,5200381,0.00000000,0.00000000,0.32000000,0.06000000,1.00000000,5200381,0.00000000,0.00000000,0.32000000,0.04500000,1.00000000,0.00000000,0.00000000,0.00000000,0.01500000,0,delta_clearance_too_large,empirical
1785198624.673644,flat,0.000000,0.000000,1,0,0.001933,0.001871,0.001819,5200383,0.00000000,0.00000000,0.32000000,0.04500000,1.00000000,5200383,0.00000000,0.00000000,0.32000000,0.06000000,1.00000000,5200383,0.00000000,0.00000000,0.32000000,0.04500000,1.00000000,0.00000000,0.00000000,0.00000000,0.01500000,0,delta_clearance_too_large,empirical
1785198624.723697,flat,0.000000,0.000000,1,0,0.002167,0.002098,0.002036,5200385,0.00000000,0.00000000,0.32000000,0.04500000,1.00000000,5200385,0.00000000,0.00000000,0.32000000,0.06000000,1.00000000,5200385,0.00000000,0.00000000,0.32000000,0.04500000,1.00000000,0.00000000,0.00000000,0.00000000,0.01500000,0,delta_clearance_too_large,empirical
1785198624.773654,flat,0.000000,0.000000,1,0,0.001475,0.001342,0.001238,5200387,0.00000000,0.00000000,0.32000000,0.04500000,1.00000000,5200387,0.00000000,0.00000000,0.32000000,0.06000000,1.00000000,5200387,0.00000000,0.00000000,0.32000000,0.04500000,1.00000000,0.00000000,0.00000000,0.00000000,0.01500000,0,delta_clearance_too_large,empirical
1785198624.823714,flat,0.000000,0.000000,1,0,0.002115,0.002048,0.001988,5200389,0.00000000,0.00000000,0.32000000,0.04500000,1.00000000,5200389,0.00000000,0.00000000,0.32000000,0.06000000,1.00000000,5200389,0.00000000,0.00000000,0.32000000,0.04500000,1.00000000,0.00000000,0.00000000,0.00000000,0.01500000,0,delta_clearance_too_large,empirical
1785198624.873674,flat,0.000000,0.000000,1,0,0.002213,0.002153,0.002102,5200391,0.00000000,0.00000000,0.32000000,0.04500000,1.00000000,5200391,0.00000000,0.00000000,0.32000000,0.06000000,1.00000000,5200391,0.00000000,0.00000000,0.32000000,0.04500000,1.00000000,0.00000000,0.00000000,0.00000000,0.01500000,0,delta_clearance_too_large,empirical
1785198624.923922,flat,0.000000,0.000000,1,0,0.002488,0.002428,0.002378,5200393,0.00000000,0.00000000,0.32000000,0.04500000,1.00000000,5200393,0.00000000,0.00000000,0.32000000,0.06000000,1.00000000,5200393,0.00000000,0.00000000,0.32000000,0.04500000,1.00000000,0.00000000,0.00000000,0.00000000,0.01500000,0,delta_clearance_too_large,empirical
1785198624.973696,flat,0.000000,0.000000,1,0,0.001781,0.001636,0.001530,5200395,0.00000000,0.00000000,0.32000000,0.04500000,1.00000000,5200395,0.00000000,0.00000000,0.32000000,0.06000000,1.00000000,5200395,0.00000000,0.00000000,0.32000000,0.04500000,1.00000000,0.00000000,0.00000000,0.00000000,0.01500000,0,delta_clearance_too_large,empirical
1785198625.023980,flat,0.000000,0.000000,1,0,0.002520,0.002429,0.002377,5200397,0.00000000,0.00000000,0.32000000,0.04500000,1.00000000,5200397,0.00000000,0.00000000,0.32000000,0.06000000,1.00000000,5200397,0.00000000,0.00000000,0.32000000,0.04500000,1.00000000,0.00000000,0.00000000,0.00000000,0.01500000,0,delta_clearance_too_large,empirical
1785198625.073966,flat,0.000000,0.000000,1,0,0.002443,0.002381,0.002329,5200399,0.00000000,0.00000000,0.32000000,0.04500000,1.00000000,5200399,0.00000000,0.00000000,0.32000000,0.06000000,1.00000000,5200399,0.00000000,0.00000000,0.32000000,0.04500000,1.00000000,0.00000000,0.00000000,0.00000000,0.01500000,0,delta_clearance_too_large,empirical
1785198625.123667,flat,0.000000,0.000000,1,0,0.002208,0.002148,0.002097,5200401,0.00000000,0.00000000,0.32000000,0.04500000,1.00000000,5200401,0.00000000,0.00000000,0.32000000,0.06000000,1.00000000,5200401,0.00000000,0.00000000,0.32000000,0.04500000,1.00000000,0.00000000,0.00000000,0.00000000,0.01500000,0,delta_clearance_too_large,empirical
1785198625.173683,flat,0.000000,0.000000,1,0,0.002280,0.002216,0.002159,5200403,0.00000000,0.00000000,0.32000000,0.04500000,1.00000000,5200403,0.00000000,0.00000000,0.32000000,0.06000000,1.00000000,5200403,0.00000000,0.00000000,0.32000000,0.04500000,1.00000000,0.00000000,0.00000000,0.00000000,0.01500000,0,delta_clearance_too_large,empirical
1785198625.223666,flat,0.000000,0.000000,1,0,0.001534,0.001348,0.001198,5200405,0.00000000,0.00000000,0.32000000,0.04500000,1.00000000,5200405,0.00000000,0.00000000,0.32000000,0.06000000,1.00000000,5200405,0.00000000,0.00000000,0.32000000,0.04500000,1.00000000,0.00000000,0.00000000,0.00000000,0.01500000,0,delta_clearance_too_large,empirical
1785198625.273741,flat,0.000000,0.000000,1,0,0.002199,0.002116,0.002042,5200407,0.00000000,0.00000000,0.32000000,0.04500000,1.00000000,5200407,0.00000000,0.00000000,0.32000000,0.06000000,1.00000000,5200407,0.00000000,0.00000000,0.32000000,0.04500000,1.00000000,0.00000000,0.00000000,0.00000000,0.01500000,0,delta_clearance_too_large,empirical
1785198625.323673,flat,0.000000,0.000000,1,0,0.002321,0.002243,0.002181,5200409,0.00000000,0.00000000,0.32000000,0.04500000,1.00000000,5200409,0.00000000,0.00000000,0.32000000,0.06000000,1.00000000,5200409,0.00000000,0.00000000,0.32000000,0.04500000,1.00000000,0.00000000,0.00000000,0.00000000,0.01500000,0,delta_clearance_too_large,empirical
1785198625.373681,flat,0.000000,0.000000,1,0,0.002267,0.002206,0.002153,5200411,0.00000000,0.00000000,0.32000000,0.04500000,1.00000000,5200411,0.00000000,0.00000000,0.32000000,0.06000000,1.00000000,5200411,0.00000000,0.00000000,0.32000000,0.04500000,1.00000000,0.00000000,0.00000000,0.00000000,0.01500000,0,delta_clearance_too_large,empirical
1785198625.423695,flat,0.000000,0.000000,1,0,0.001505,0.001413,0.001343,5200413,0.00000000,0.00000000,0.32000000,0.04500000,1.00000000,5200413,0.00000000,0.00000000,0.32000000,0.06000000,1.00000000,5200413,0.00000000,0.00000000,0.32000000,0.04500000,1.00000000,0.00000000,0.00000000,0.00000000,0.01500000,0,delta_clearance_too_large,empirical
