episode_id,terrain,preset,policy_id,step_csv,vx,body_height,clearance,valid_data,z_mean,z_min,z_p10,dx,dy,dx_per_sec,abs_dy_per_dx,has_attitude,roll_abs_max,pitch_abs_max,yaw_delta,age_mpc_p90,age_proprio_p90,age_odom_p90,low_height,low_progress,lateral_drift,unstable_attitude,cost,suitability_label,summary_json,summary_valid_data
flat_normal_flat_probe_vx004_h030_c003_r1_20260629_164442,flat_normal,flat_probe_vx004_h030_c003,reference_sweep_v0_flat_probe_vx004_h030_c003,data/rollouts/reference_sweep_v0/ref_sweep_v0_20260629_164346/episodes/flat_normal_flat_probe_vx004_h030_c003_r1_20260629_164442.csv,0.04,0.3,0.03,True,0.3267893450271384,0.3045461857616197,0.30777640166116205,0.03192047582687252,0.009910174378858383,0.006649916868330378,0.31046449409489757,False,nan,nan,nan,0.02562379837036126,0.07178153991699214,0.00782012939453122,False,True,True,False,5.536159048346255,negative_lateral_drift,data/rollouts/reference_sweep_v0/ref_sweep_v0_20260629_164346/summaries/flat_normal_flat_probe_vx004_h030_c003_r1_20260629_164442.json,
flat_normal_flat_probe_vx004_h032_c006_r1_20260629_164346,flat_normal,flat_probe_vx004_h032_c006,reference_sweep_v0_flat_probe_vx004_h032_c006,data/rollouts/reference_sweep_v0/ref_sweep_v0_20260629_164346/episodes/flat_normal_flat_probe_vx004_h032_c006_r1_20260629_164346.csv,0.04,0.32,0.06,True,0.29822149681986826,0.2679402891089925,0.2703917521768601,0.023314906941335395,-0.0002189176669647,0.0048573603904091016,0.009389600718353165,False,nan,nan,nan,0.0034866333007811797,0.0704789638519287,0.00873389244079582,True,True,False,False,7.553370186117329,negative_low_height,data/rollouts/reference_sweep_v0/ref_sweep_v0_20260629_164346/summaries/flat_normal_flat_probe_vx004_h032_c006_r1_20260629_164346.json,
flat_normal_flat_probe_vx006_h030_c004_r1_20260629_164428,flat_normal,flat_probe_vx006_h030_c004,reference_sweep_v0_flat_probe_vx006_h030_c004,data/rollouts/reference_sweep_v0/ref_sweep_v0_20260629_164346/episodes/flat_normal_flat_probe_vx006_h030_c004_r1_20260629_164428.csv,0.06,0.3,0.04,True,0.3223987543121571,0.2821884132023382,0.28845662638667097,0.07398101991156741,-0.2341719076059147,0.015412793784234262,3.1652970976316643,False,nan,nan,nan,0.03841905593872068,0.06031889915466304,0.007953977584838826,False,False,True,False,2.4520379601768654,negative_lateral_drift,data/rollouts/reference_sweep_v0/ref_sweep_v0_20260629_164346/summaries/flat_normal_flat_probe_vx006_h030_c004_r1_20260629_164428.json,
flat_normal_flat_probe_vx006_h032_c006_r1_20260629_164359,flat_normal,flat_probe_vx006_h032_c006,reference_sweep_v0_flat_probe_vx006_h032_c006,data/rollouts/reference_sweep_v0/ref_sweep_v0_20260629_164346/episodes/flat_normal_flat_probe_vx006_h032_c006_r1_20260629_164359.csv,0.06,0.32,0.06,True,0.33887211812030726,0.3281327354957938,0.3291221009767892,0.0710342279590428,-0.0123834155965136,0.014798915249692799,0.1743302623582209,False,nan,nan,nan,0.01938881874084472,0.05708661079406736,0.00652503967285152,False,False,False,False,0.4579315440819144,acceptable_slow_flat,data/rollouts/reference_sweep_v0/ref_sweep_v0_20260629_164346/summaries/flat_normal_flat_probe_vx006_h032_c006_r1_20260629_164359.json,
flat_normal_flat_probe_vx008_h032_c004_r1_20260629_164414,flat_normal,flat_probe_vx008_h032_c004,reference_sweep_v0_flat_probe_vx008_h032_c004,data/rollouts/reference_sweep_v0/ref_sweep_v0_20260629_164346/episodes/flat_normal_flat_probe_vx008_h032_c004_r1_20260629_164414.csv,0.08,0.32,0.04,True,0.3488451502558874,0.3408979720299623,0.3422643070515094,0.0723260512626176,-0.008906873991630898,0.015067842923716716,0.12314890466354687,False,nan,nan,nan,0.04277858734130854,0.07613801956176756,0.00734677314758294,False,False,False,False,0.4553478974747648,acceptable_slow_flat,data/rollouts/reference_sweep_v0/ref_sweep_v0_20260629_164346/summaries/flat_normal_flat_probe_vx008_h032_c004_r1_20260629_164414.json,
flat_normal_flat_probe_vx010_h032_c006_r1_20260629_164455,flat_normal,flat_probe_vx010_h032_c006,reference_sweep_v0_flat_probe_vx010_h032_c006,data/rollouts/reference_sweep_v0/ref_sweep_v0_20260629_164346/episodes/flat_normal_flat_probe_vx010_h032_c006_r1_20260629_164455.csv,0.10000000000000002,0.32,0.06,True,0.3616727825908127,0.3487106567858881,0.3506335758063094,0.10735850301068156,0.017657883682481418,0.02236640389793942,0.16447587463775049,False,nan,nan,nan,0.04366950988769524,0.07303161621093744,0.0067168712615965995,False,False,False,False,0.38528299397863686,preferred_balanced_flat,data/rollouts/reference_sweep_v0/ref_sweep_v0_20260629_164346/summaries/flat_normal_flat_probe_vx010_h032_c006_r1_20260629_164455.json,
flat_normal_flat_probe_vx006_h032_c006_r1_20260629_165416,flat_normal,flat_probe_vx006_h032_c006,reference_sweep_v0_flat_probe_vx006_h032_c006,data/rollouts/reference_sweep_v0/ref_sweep_v0_20260629_165236/episodes/flat_normal_flat_probe_vx006_h032_c006_r1_20260629_165416.csv,0.0,0.0,0.0,False,0.0,0.0,0.0,0.0019993093477008728,0.013704934981443484,0.0003447051953539555,6.854834644375379,False,nan,nan,nan,9999.0,9999.0,0.00981962680816649,True,True,True,False,17.5960013813046,invalid_data,data/rollouts/reference_sweep_v0/ref_sweep_v0_20260629_165236/summaries/flat_normal_flat_probe_vx006_h032_c006_r1_20260629_165416.json,
flat_normal_flat_probe_vx006_h032_c006_r2_20260629_165433,flat_normal,flat_probe_vx006_h032_c006,reference_sweep_v0_flat_probe_vx006_h032_c006,data/rollouts/reference_sweep_v0/ref_sweep_v0_20260629_165236/episodes/flat_normal_flat_probe_vx006_h032_c006_r2_20260629_165433.csv,0.06000000000000001,0.32000000000000006,0.06000000000000001,True,0.3390609165604305,0.3298369081326468,0.33060604031581725,0.06416914045586708,0.013051390834252802,0.011063826915894576,0.20339045749302215,False,nan,nan,nan,0.03861935138702384,0.0731812715530395,0.007966208457946766,False,False,False,False,0.4716617190882658,acceptable_slow_flat,data/rollouts/reference_sweep_v0/ref_sweep_v0_20260629_165236/summaries/flat_normal_flat_probe_vx006_h032_c006_r2_20260629_165433.json,
flat_normal_flat_probe_vx006_h032_c006_r3_20260629_165450,flat_normal,flat_probe_vx006_h032_c006,reference_sweep_v0_flat_probe_vx006_h032_c006,data/rollouts/reference_sweep_v0/ref_sweep_v0_20260629_165236/episodes/flat_normal_flat_probe_vx006_h032_c006_r3_20260629_165450.csv,0.06000000000000001,0.32000000000000006,0.06000000000000001,True,0.32251739002865853,0.3169015806885717,0.3185956367536041,0.05372546633009456,0.003193066337739109,0.009263326801819563,0.05943301297974027,False,nan,nan,nan,0.00679330825805662,0.07469599246978752,0.00584678649902343,False,False,False,False,0.49254906733981085,variable_or_unknown,data/rollouts/reference_sweep_v0/ref_sweep_v0_20260629_165236/summaries/flat_normal_flat_probe_vx006_h032_c006_r3_20260629_165450.json,
flat_normal_flat_probe_vx008_h032_c004_r1_20260629_165326,flat_normal,flat_probe_vx008_h032_c004,reference_sweep_v0_flat_probe_vx008_h032_c004,data/rollouts/reference_sweep_v0/ref_sweep_v0_20260629_165236/episodes/flat_normal_flat_probe_vx008_h032_c004_r1_20260629_165326.csv,0.08000000000000002,0.32000000000000006,0.04000000000000001,True,0.3445421372324374,0.3361311465713609,0.3372704423359239,0.11348995746926605,0.0166505734771914,0.01956747873076909,0.1467140692311961,False,nan,nan,nan,0.01673712730407707,0.0725225687026977,0.0097448110580444,False,False,False,False,0.3730200850614679,preferred_balanced_flat,data/rollouts/reference_sweep_v0/ref_sweep_v0_20260629_165236/summaries/flat_normal_flat_probe_vx008_h032_c004_r1_20260629_165326.json,
flat_normal_flat_probe_vx008_h032_c004_r2_20260629_165342,flat_normal,flat_probe_vx008_h032_c004,reference_sweep_v0_flat_probe_vx008_h032_c004,data/rollouts/reference_sweep_v0/ref_sweep_v0_20260629_165236/episodes/flat_normal_flat_probe_vx008_h032_c004_r2_20260629_165342.csv,0.08000000000000002,0.32000000000000006,0.04000000000000001,True,0.33336037494855153,0.3229244388299564,0.32526041197588473,0.09665207845455015,0.016665794897381903,0.01666415707474419,0.17243079676986828,False,nan,nan,nan,0.030148768424987732,0.0725026607513427,0.008375883102416926,False,False,False,False,0.4066958430908997,preferred_balanced_flat,data/rollouts/reference_sweep_v0/ref_sweep_v0_20260629_165236/summaries/flat_normal_flat_probe_vx008_h032_c004_r2_20260629_165342.json,
flat_normal_flat_probe_vx008_h032_c004_r3_20260629_165359,flat_normal,flat_probe_vx008_h032_c004,reference_sweep_v0_flat_probe_vx008_h032_c004,data/rollouts/reference_sweep_v0/ref_sweep_v0_20260629_165236/episodes/flat_normal_flat_probe_vx008_h032_c004_r3_20260629_165359.csv,0.08000000000000002,0.32000000000000006,0.04000000000000001,True,0.35886575825707556,0.3499156024942827,0.3524817816927628,0.10325228573326051,0.009185931701765487,0.017801462720585377,0.0889658920045238,False,nan,nan,nan,0.04934468269348137,0.05991823673248284,0.006475424766540527,False,False,False,False,0.39349542853347896,preferred_balanced_flat,data/rollouts/reference_sweep_v0/ref_sweep_v0_20260629_165236/summaries/flat_normal_flat_probe_vx008_h032_c004_r3_20260629_165359.json,
flat_normal_flat_probe_vx010_h032_c006_r1_20260629_165236,flat_normal,flat_probe_vx010_h032_c006,reference_sweep_v0_flat_probe_vx010_h032_c006,data/rollouts/reference_sweep_v0/ref_sweep_v0_20260629_165236/episodes/flat_normal_flat_probe_vx010_h032_c006_r1_20260629_165236.csv,0.10000000000000003,0.32000000000000006,0.06000000000000001,True,0.36148065009715785,0.3535046252416178,0.3548192197547514,0.12353095225000571,0.014838830048759716,0.021298495375325584,0.12012236430209361,False,nan,nan,nan,0.03672027587890623,0.07902932167053218,0.00653302669525145,False,False,False,False,0.35293809549998856,preferred_balanced_flat,data/rollouts/reference_sweep_v0/ref_sweep_v0_20260629_165236/summaries/flat_normal_flat_probe_vx010_h032_c006_r1_20260629_165236.json,
flat_normal_flat_probe_vx010_h032_c006_r2_20260629_165252,flat_normal,flat_probe_vx010_h032_c006,reference_sweep_v0_flat_probe_vx010_h032_c006,data/rollouts/reference_sweep_v0/ref_sweep_v0_20260629_165236/episodes/flat_normal_flat_probe_vx010_h032_c006_r2_20260629_165252.csv,0.10000000000000003,0.32000000000000006,0.06000000000000001,True,0.3453125298514165,0.3372856557043482,0.3392550048697528,0.1237490295602246,0.00924223323072798,0.021336908072724092,0.07468529865302975,False,nan,nan,nan,0.0195629119873046,0.07533750534057618,0.00983800888061517,False,False,False,False,0.3525019408795508,preferred_balanced_flat,data/rollouts/reference_sweep_v0/ref_sweep_v0_20260629_165236/summaries/flat_normal_flat_probe_vx010_h032_c006_r2_20260629_165252.json,
flat_normal_flat_probe_vx010_h032_c006_r3_20260629_165309,flat_normal,flat_probe_vx010_h032_c006,reference_sweep_v0_flat_probe_vx010_h032_c006,data/rollouts/reference_sweep_v0/ref_sweep_v0_20260629_165236/episodes/flat_normal_flat_probe_vx010_h032_c006_r3_20260629_165309.csv,0.10000000000000003,0.32000000000000006,0.06000000000000001,True,0.30952792153286146,0.2969934159367452,0.29741443453991395,0.06452232143093006,0.020117877561284303,0.011124537354620097,0.3117971752274926,False,nan,nan,nan,0.03895642757415764,0.05923793315887445,0.00746908187866207,False,False,True,False,2.47095535713814,negative_lateral_drift,data/rollouts/reference_sweep_v0/ref_sweep_v0_20260629_165236/summaries/flat_normal_flat_probe_vx010_h032_c006_r3_20260629_165309.json,
flat_normal_flat_probe_vx006_h032_c006_r1_20260629_170655,flat_normal,flat_probe_vx006_h032_c006,reference_sweep_v0_flat_probe_vx006_h032_c006,data/rollouts/reference_sweep_v0/ref_sweep_v0_20260629_170549/episodes/flat_normal_flat_probe_vx006_h032_c006_r1_20260629_170655.csv,0.06000000000000001,0.32000000000000006,0.06000000000000001,True,0.28324162376560885,0.2655560910748974,0.2667441521241731,-0.00027538311377739433,0.008169253249627015,-4.747975976531845e-05,29.665047858492233,True,0.0212600149771149,0.0738304898334824,-0.0034190715230364987,0.03198087215423577,0.07568974494934082,0.010610580444335856,True,True,True,False,9.14592178066188,negative_low_height,data/rollouts/reference_sweep_v0/ref_sweep_v0_20260629_170549/summaries/flat_normal_flat_probe_vx006_h032_c006_r1_20260629_170655.json,
flat_normal_flat_probe_vx006_h032_c006_r2_20260629_170711,flat_normal,flat_probe_vx006_h032_c006,reference_sweep_v0_flat_probe_vx006_h032_c006,data/rollouts/reference_sweep_v0/ref_sweep_v0_20260629_170549/episodes/flat_normal_flat_probe_vx006_h032_c006_r2_20260629_170711.csv,0.06000000000000001,0.32000000000000006,0.06000000000000001,True,0.35557959860379873,0.347775775041848,0.34895895153284084,0.08756577096992046,0.0213913181211733,0.015098395264075802,0.24428858313280183,True,0.0131819960258299,0.0226985844889018,-0.0101275819672309,0.00781261920928947,0.07825846672058098,0.0063829898834228205,False,False,False,False,-0.11320860559395866,acceptable_slow_flat,data/rollouts/reference_sweep_v0/ref_sweep_v0_20260629_170549/summaries/flat_normal_flat_probe_vx006_h032_c006_r2_20260629_170711.json,
flat_normal_flat_probe_vx008_h032_c004_r1_20260629_170622,flat_normal,flat_probe_vx008_h032_c004,reference_sweep_v0_flat_probe_vx008_h032_c004,data/rollouts/reference_sweep_v0/ref_sweep_v0_20260629_170549/episodes/flat_normal_flat_probe_vx008_h032_c004_r1_20260629_170622.csv,0.08000000000000002,0.32000000000000006,0.04000000000000001,True,0.36616199959210843,0.3584501762179921,0.3632263664142729,0.09778845958497073,0.009550220530321507,0.016860269971443752,0.09766204080577721,True,0.0140191098290296,0.0332996434942189,0.009776974819647198,0.01236035823822021,0.05484876632690428,0.00676753520965573,False,False,False,False,-0.11677720932935097,preferred_balanced_flat,data/rollouts/reference_sweep_v0/ref_sweep_v0_20260629_170549/summaries/flat_normal_flat_probe_vx008_h032_c004_r1_20260629_170622.json,
flat_normal_flat_probe_vx008_h032_c004_r2_20260629_170638,flat_normal,flat_probe_vx008_h032_c004,reference_sweep_v0_flat_probe_vx008_h032_c004,data/rollouts/reference_sweep_v0/ref_sweep_v0_20260629_170549/episodes/flat_normal_flat_probe_vx008_h032_c004_r2_20260629_170638.csv,0.08000000000000002,0.32000000000000006,0.04000000000000001,True,0.29321843998480096,0.2597242734327888,0.2613061157868398,0.03587633487577335,0.0020202374886404,0.006185622577969053,0.05631114481553773,True,0.0268674243407978,0.0938070032499148,0.012707826799721298,0.0043048858642577995,0.0785964727401733,0.008836627006530751,True,True,False,False,7.119425233074299,negative_low_height,data/rollouts/reference_sweep_v0/ref_sweep_v0_20260629_170549/summaries/flat_normal_flat_probe_vx008_h032_c004_r2_20260629_170638.json,
flat_normal_flat_probe_vx010_h032_c006_r1_20260629_170549,flat_normal,flat_probe_vx010_h032_c006,reference_sweep_v0_flat_probe_vx010_h032_c006,data/rollouts/reference_sweep_v0/ref_sweep_v0_20260629_170549/episodes/flat_normal_flat_probe_vx010_h032_c006_r1_20260629_170549.csv,0.10000000000000003,0.32000000000000006,0.06000000000000001,True,0.3219339668294471,0.3075256261922855,0.31018272446360307,0.0698213177448821,0.005815521748565811,0.012038506714190206,0.0832914922891453,True,0.0243658146898192,0.0670181410457513,-0.0209358542650155,0.0181421756744384,0.07813422679901116,0.009138894081115649,False,False,False,False,0.01418198152560396,acceptable_slow_flat,data/rollouts/reference_sweep_v0/ref_sweep_v0_20260629_170549/summaries/flat_normal_flat_probe_vx010_h032_c006_r1_20260629_170549.json,
flat_normal_flat_probe_vx010_h032_c006_r2_20260629_170605,flat_normal,flat_probe_vx010_h032_c006,reference_sweep_v0_flat_probe_vx010_h032_c006,data/rollouts/reference_sweep_v0/ref_sweep_v0_20260629_170549/episodes/flat_normal_flat_probe_vx010_h032_c006_r2_20260629_170605.csv,0.10000000000000003,0.32000000000000006,0.06000000000000001,True,0.3532966504121536,0.3476764005916946,0.3497665272262353,0.13764744241908367,-0.003595009787367598,0.023732487601554497,0.026117519687886188,True,0.0144591806298872,0.0286999988818924,-0.0012692097670417013,0.00336496829986568,0.07679860591888427,0.009446406364440831,False,False,False,False,-0.20954074775686457,preferred_fast_flat,data/rollouts/reference_sweep_v0/ref_sweep_v0_20260629_170549/summaries/flat_normal_flat_probe_vx010_h032_c006_r2_20260629_170605.json,
flat_normal_flat_refine_vx008_h032_c004_r1_20260629_171942,flat_normal,flat_refine_vx008_h032_c004,reference_sweep_v0_flat_refine_vx008_h032_c004,data/rollouts/reference_sweep_v0/ref_sweep_v0_20260629_171942/episodes/flat_normal_flat_refine_vx008_h032_c004_r1_20260629_171942.csv,0.08000000000000002,0.32000000000000006,0.04000000000000001,True,0.32863046941434876,0.3001095580204511,0.3173129816222914,0.01607689349590835,0.16086688687374529,0.002771824545797242,10.006092714036248,True,0.1420302109976828,0.3758359086051718,0.2066899788012503,0.006403732299804661,0.07624752521514888,0.009442305564880309,False,True,True,True,7.909997375453465,negative_unstable_attitude,data/rollouts/reference_sweep_v0/ref_sweep_v0_20260629_171942/summaries/flat_normal_flat_refine_vx008_h032_c004_r1_20260629_171942.json,True
flat_normal_flat_refine_vx008_h032_c004_r2_20260629_171959,flat_normal,flat_refine_vx008_h032_c004,reference_sweep_v0_flat_refine_vx008_h032_c004,data/rollouts/reference_sweep_v0/ref_sweep_v0_20260629_171942/episodes/flat_normal_flat_refine_vx008_h032_c004_r2_20260629_171959.csv,0.08000000000000002,0.32000000000000006,0.04000000000000001,True,0.3108274047940159,0.2976887568019439,0.30071342768711135,0.057052010087159655,0.016316956967212602,0.009836913426865655,0.28600143872730893,True,0.0251102325679459,0.0569099621480526,-0.00017889007665040056,0.01725578308105463,0.07802248001098629,0.00583212375640868,False,False,False,False,0.009069383960998753,variable_or_unknown,data/rollouts/reference_sweep_v0/ref_sweep_v0_20260629_171942/summaries/flat_normal_flat_refine_vx008_h032_c004_r2_20260629_171959.json,True
flat_normal_flat_refine_vx009_h032_c005_r1_20260629_172015,flat_normal,flat_refine_vx009_h032_c005,reference_sweep_v0_flat_refine_vx009_h032_c005,data/rollouts/reference_sweep_v0/ref_sweep_v0_20260629_171942/episodes/flat_normal_flat_refine_vx009_h032_c005_r1_20260629_172015.csv,0.08999999999999998,0.32000000000000006,0.05000000000000002,True,0.35292726471904684,0.3440564240590542,0.3458261567034889,0.10037048751375188,-0.019968950447817897,0.017304321220798263,0.19895241063845512,True,0.0188626025441899,0.0314275034242706,0.006195979910219302,0.02285699844360344,0.07313477993011469,0.01020951271057128,False,False,False,False,-0.12034903214663757,preferred_balanced_flat,data/rollouts/reference_sweep_v0/ref_sweep_v0_20260629_171942/summaries/flat_normal_flat_refine_vx009_h032_c005_r1_20260629_172015.json,True
flat_normal_flat_refine_vx009_h032_c005_r2_20260629_172032,flat_normal,flat_refine_vx009_h032_c005,reference_sweep_v0_flat_refine_vx009_h032_c005,data/rollouts/reference_sweep_v0/ref_sweep_v0_20260629_171942/episodes/flat_normal_flat_refine_vx009_h032_c005_r2_20260629_172032.csv,0.08999999999999998,0.32000000000000006,0.05000000000000002,True,0.3532639400135773,0.3419631321957271,0.34243497346150875,0.09995303138744838,0.0225631904522911,0.017233530068243793,0.22573793049686813,True,0.0317718911468971,0.0467982926203267,0.006604986191113,0.00927884578704826,0.062069940567016584,0.008840799331665006,False,False,False,False,-0.07676679817117066,preferred_balanced_flat,data/rollouts/reference_sweep_v0/ref_sweep_v0_20260629_171942/summaries/flat_normal_flat_refine_vx009_h032_c005_r2_20260629_172032.json,True
flat_normal_flat_refine_vx010_h032_c004_r1_20260629_172049,flat_normal,flat_refine_vx010_h032_c004,reference_sweep_v0_flat_refine_vx010_h032_c004,data/rollouts/reference_sweep_v0/ref_sweep_v0_20260629_171942/episodes/flat_normal_flat_refine_vx010_h032_c004_r1_20260629_172049.csv,0.10000000000000003,0.32000000000000006,0.04000000000000001,True,0.35276976593796205,0.3455364359744383,0.3471292143852784,0.12971701594341312,-0.0040834126417013,0.022365207949750825,0.0314793908262785,True,0.0124056033289981,0.0271318822615837,-0.006225877398092602,0.00751249790191647,0.07838902473449705,0.00664148330688474,False,False,False,False,-0.19514710158247944,preferred_balanced_flat,data/rollouts/reference_sweep_v0/ref_sweep_v0_20260629_171942/summaries/flat_normal_flat_refine_vx010_h032_c004_r1_20260629_172049.json,True
flat_normal_flat_refine_vx010_h032_c004_r2_20260629_172106,flat_normal,flat_refine_vx010_h032_c004,reference_sweep_v0_flat_refine_vx010_h032_c004,data/rollouts/reference_sweep_v0/ref_sweep_v0_20260629_171942/episodes/flat_normal_flat_refine_vx010_h032_c004_r2_20260629_172106.csv,0.10000000000000003,0.32000000000000006,0.04000000000000001,True,0.35680639804879666,0.3525534403180568,0.35372820410609523,0.012534587752529802,-0.0391034756205337,0.0021611091863801843,3.119645926340227,True,0.024748685589439,0.0602932720281143,0.006916061499191203,0.010095119476318321,0.07461686134338377,0.00634763240814201,False,True,True,False,5.108026610120623,negative_lateral_drift,data/rollouts/reference_sweep_v0/ref_sweep_v0_20260629_171942/summaries/flat_normal_flat_refine_vx010_h032_c004_r2_20260629_172106.json,True
flat_normal_flat_refine_vx010_h032_c006_r1_20260629_172123,flat_normal,flat_refine_vx010_h032_c006,reference_sweep_v0_flat_refine_vx010_h032_c006,data/rollouts/reference_sweep_v0/ref_sweep_v0_20260629_171942/episodes/flat_normal_flat_refine_vx010_h032_c006_r1_20260629_172123.csv,0.10000000000000003,0.32000000000000006,0.06000000000000001,True,0.360974380711207,0.3535657737022977,0.3564287050434544,0.10850043525067887,0.042338284742934,0.01870708402063712,0.39021304057551326,True,0.0149117436866743,0.0437902130076288,0.0153273978931459,0.04854063987731933,0.06674635410308838,0.00828588008880606,False,False,True,False,1.8833139828546135,variable_forward_with_lateral_drift,data/rollouts/reference_sweep_v0/ref_sweep_v0_20260629_171942/summaries/flat_normal_flat_refine_vx010_h032_c006_r1_20260629_172123.json,True
flat_normal_flat_refine_vx010_h032_c006_r2_20260629_172141,flat_normal,flat_refine_vx010_h032_c006,reference_sweep_v0_flat_refine_vx010_h032_c006,data/rollouts/reference_sweep_v0/ref_sweep_v0_20260629_171942/episodes/flat_normal_flat_refine_vx010_h032_c006_r2_20260629_172141.csv,0.10000000000000003,0.32000000000000006,0.06000000000000001,True,0.35458506271104795,0.3422066815421717,0.3450461969199941,0.1273340830901155,0.0027599243260617006,0.02195361187615939,0.02167467074866732,True,0.016001820627278,0.0327613760760143,-0.016386965347652098,0.021692085266113232,0.07422540187835687,0.005911159515380797,False,False,False,False,-0.1684137988471709,preferred_balanced_flat,data/rollouts/reference_sweep_v0/ref_sweep_v0_20260629_171942/summaries/flat_normal_flat_refine_vx010_h032_c006_r2_20260629_172141.json,True
flat_normal_flat_refine_vx010_h034_c006_r1_20260629_172158,flat_normal,flat_refine_vx010_h034_c006,reference_sweep_v0_flat_refine_vx010_h034_c006,data/rollouts/reference_sweep_v0/ref_sweep_v0_20260629_171942/episodes/flat_normal_flat_refine_vx010_h034_c006_r1_20260629_172158.csv,0.10000000000000003,0.33999999999999997,0.06000000000000001,True,0.3253577438636187,0.3113677875792612,0.3124896760419896,0.07396265551318715,0.020087479274780502,0.012752231889020112,0.2715894816837534,True,0.0188761725610602,0.0381354138679785,-0.0155852912916031,0.008211565017700099,0.06990811824798585,0.00812652111053465,False,False,False,False,-0.04993969834953377,acceptable_slow_flat,data/rollouts/reference_sweep_v0/ref_sweep_v0_20260629_171942/summaries/flat_normal_flat_refine_vx010_h034_c006_r1_20260629_172158.json,True
flat_normal_flat_refine_vx010_h034_c006_r2_20260629_172214,flat_normal,flat_refine_vx010_h034_c006,reference_sweep_v0_flat_refine_vx010_h034_c006,data/rollouts/reference_sweep_v0/ref_sweep_v0_20260629_171942/episodes/flat_normal_flat_refine_vx010_h034_c006_r2_20260629_172214.csv,0.10000000000000003,0.33999999999999997,0.06000000000000001,True,0.35513238302185174,0.3443680804528364,0.3466851647322979,0.12273526485103581,-0.0296932241845187,0.02116212611826563,0.24192903498890447,True,0.0114933445667155,0.0462098811201094,0.0132908455362319,0.01029794216155998,0.07761743068695062,0.00550899505615227,False,False,False,False,-0.14828301474284875,preferred_balanced_flat,data/rollouts/reference_sweep_v0/ref_sweep_v0_20260629_171942/summaries/flat_normal_flat_refine_vx010_h034_c006_r2_20260629_172214.json,True
flat_normal_flat_refine_vx012_h032_c006_r1_20260629_172231,flat_normal,flat_refine_vx012_h032_c006,reference_sweep_v0_flat_refine_vx012_h032_c006,data/rollouts/reference_sweep_v0/ref_sweep_v0_20260629_171942/episodes/flat_normal_flat_refine_vx012_h032_c006_r1_20260629_172231.csv,0.12000000000000002,0.32000000000000006,0.06000000000000001,True,0.33368067506661603,0.3294723670412096,0.330227735400797,0.14344779701228383,-0.0334017219412405,0.024731957089654713,0.2328493196614251,True,0.0163610837060939,0.0380775084949475,-0.016250814476497902,0.03430387973785392,0.051222944259643556,0.00753979682922361,False,False,False,False,-0.19223705414180725,preferred_fast_flat,data/rollouts/reference_sweep_v0/ref_sweep_v0_20260629_171942/summaries/flat_normal_flat_refine_vx012_h032_c006_r1_20260629_172231.json,True
flat_normal_flat_refine_vx012_h032_c006_r2_20260629_172248,flat_normal,flat_refine_vx012_h032_c006,reference_sweep_v0_flat_refine_vx012_h032_c006,data/rollouts/reference_sweep_v0/ref_sweep_v0_20260629_171942/episodes/flat_normal_flat_refine_vx012_h032_c006_r2_20260629_172248.csv,0.12000000000000002,0.32000000000000006,0.06000000000000001,True,0.34799979259550745,0.3417216961817221,0.34287462411400943,0.14444875003050184,0.00023227513019759977,0.024905315427508713,0.0016080106622490848,True,0.0131315967497099,0.026946810365058,-0.012773474641939002,0.04297807216644283,0.07876095771789547,0.00805697441101066,False,False,False,False,-0.21856110967530062,preferred_fast_flat,data/rollouts/reference_sweep_v0/ref_sweep_v0_20260629_171942/summaries/flat_normal_flat_refine_vx012_h032_c006_r2_20260629_172248.json,True
flat_normal_gms_acceptable_flat_v1_r1_20260629_174055,flat_normal,gms_acceptable_flat_v1,reference_sweep_v0_gms_acceptable_flat_v1,data/rollouts/reference_sweep_v0/ref_sweep_v0_20260629_173911/episodes/flat_normal_gms_acceptable_flat_v1_r1_20260629_174055.csv,0.10000000000000003,0.32000000000000006,0.06000000000000001,True,0.36156489121760377,0.343876619556959,0.3468274272777344,0.12090965902581274,0.009841366903229298,0.020846532525704037,0.08139438141272308,True,0.0109027121250339,0.0304877526211461,-0.0021206851203155012,0.03721969127655027,0.07553105354309082,0.00943577289581295,False,False,False,False,-0.1780370728361031,preferred_balanced_flat,data/rollouts/reference_sweep_v0/ref_sweep_v0_20260629_173911/summaries/flat_normal_gms_acceptable_flat_v1_r1_20260629_174055.json,True
flat_normal_gms_acceptable_flat_v1_r2_20260629_174111,flat_normal,gms_acceptable_flat_v1,reference_sweep_v0_gms_acceptable_flat_v1,data/rollouts/reference_sweep_v0/ref_sweep_v0_20260629_173911/episodes/flat_normal_gms_acceptable_flat_v1_r2_20260629_174111.csv,0.10000000000000003,0.32000000000000006,0.06000000000000001,True,0.3470673589392664,0.3350740085537693,0.3365163842828715,0.11884892201617703,-0.022018235671320403,0.020492372099086352,0.1852623927739404,True,0.0118851742126575,0.041213240821406,-0.0057455342120197005,0.03795781135559078,0.07167394161224364,0.0057722568511962,False,False,False,False,-0.15345379411164306,preferred_balanced_flat,data/rollouts/reference_sweep_v0/ref_sweep_v0_20260629_173911/summaries/flat_normal_gms_acceptable_flat_v1_r2_20260629_174111.json,True
flat_normal_gms_balanced_flat_v1_r1_20260629_173951,flat_normal,gms_balanced_flat_v1,reference_sweep_v0_gms_balanced_flat_v1,data/rollouts/reference_sweep_v0/ref_sweep_v0_20260629_173911/episodes/flat_normal_gms_balanced_flat_v1_r1_20260629_173951.csv,0.08999999999999998,0.32000000000000006,0.05000000000000002,True,0.3404536262804697,0.3334100003839832,0.33491770505581747,0.1011132176342997,0.004009234784454099,0.01743320460220679,0.0396509465157608,True,0.0181878291649222,0.0415536405378694,-0.001470927691684401,0.04417226314544671,0.0760648250579834,0.00781321525573721,False,False,False,False,-0.11143748856106449,preferred_balanced_flat,data/rollouts/reference_sweep_v0/ref_sweep_v0_20260629_173911/summaries/flat_normal_gms_balanced_flat_v1_r1_20260629_173951.json,True
flat_normal_gms_balanced_flat_v1_r2_20260629_174007,flat_normal,gms_balanced_flat_v1,reference_sweep_v0_gms_balanced_flat_v1,data/rollouts/reference_sweep_v0/ref_sweep_v0_20260629_173911/episodes/flat_normal_gms_balanced_flat_v1_r2_20260629_174007.csv,0.08999999999999998,0.32000000000000006,0.05000000000000002,True,0.34339901575134874,0.3383719622672477,0.3403276677391735,0.1092238436891293,-0.036972110766765896,0.018831616835711832,0.3384985321702757,True,0.0097549814613646,0.0428746158946592,-0.004356443650744401,0.02388610839843746,0.07040567398071286,0.00653598308563231,False,False,True,False,1.8639818635763725,variable_forward_with_lateral_drift,data/rollouts/reference_sweep_v0/ref_sweep_v0_20260629_173911/summaries/flat_normal_gms_balanced_flat_v1_r2_20260629_174007.json,True
flat_normal_gms_conservative_flat_v1_r1_20260629_174023,flat_normal,gms_conservative_flat_v1,reference_sweep_v0_gms_conservative_flat_v1,data/rollouts/reference_sweep_v0/ref_sweep_v0_20260629_173911/episodes/flat_normal_gms_conservative_flat_v1_r1_20260629_174023.csv,0.10000000000000003,0.33999999999999997,0.06000000000000001,True,0.34740415058169766,0.3311165833780146,0.3324285460447128,0.1290925758134449,-0.013134073860235001,0.022256334468742343,0.10174151206972118,True,0.0219096907561611,0.030940050479671,0.0008585310657460987,0.01623413562774651,0.052530956268310544,0.00933742523193351,False,False,False,False,-0.17822371492054478,preferred_balanced_flat,data/rollouts/reference_sweep_v0/ref_sweep_v0_20260629_173911/summaries/flat_normal_gms_conservative_flat_v1_r1_20260629_174023.json,True
flat_normal_gms_conservative_flat_v1_r2_20260629_174039,flat_normal,gms_conservative_flat_v1,reference_sweep_v0_gms_conservative_flat_v1,data/rollouts/reference_sweep_v0/ref_sweep_v0_20260629_173911/episodes/flat_normal_gms_conservative_flat_v1_r2_20260629_174039.csv,0.10000000000000003,0.33999999999999997,0.06000000000000001,True,0.34790725335862105,0.3433955582386023,0.34449304371962575,0.13245708444570425,0.015987596993582997,0.022837253930534776,0.12070020309209285,True,0.0133283805902072,0.0255696165582989,-0.004771754141514302,0.02246544361114499,0.06648852825164794,0.01026716232299802,False,False,False,False,-0.2027497698554379,preferred_fast_flat,data/rollouts/reference_sweep_v0/ref_sweep_v0_20260629_173911/summaries/flat_normal_gms_conservative_flat_v1_r2_20260629_174039.json,True
flat_normal_gms_fast_flat_v1_r1_20260629_173911,flat_normal,gms_fast_flat_v1,reference_sweep_v0_gms_fast_flat_v1,data/rollouts/reference_sweep_v0/ref_sweep_v0_20260629_173911/episodes/flat_normal_gms_fast_flat_v1_r1_20260629_173911.csv,0.12000000000000002,0.32000000000000006,0.06000000000000001,True,0.31023502742601916,0.2926278517170024,0.29511030820434014,0.0762027008449202,0.005996793106572099,0.013138406526781402,0.07869528297659878,True,0.0199902132277743,0.0565943092108783,0.004680369767629101,0.02239294052124019,0.07223844528198241,0.0065452814102172205,False,False,False,False,-0.03378432221775822,variable_or_unknown,data/rollouts/reference_sweep_v0/ref_sweep_v0_20260629_173911/summaries/flat_normal_gms_fast_flat_v1_r1_20260629_173911.json,True
flat_normal_gms_fast_flat_v1_r2_20260629_173936,flat_normal,gms_fast_flat_v1,reference_sweep_v0_gms_fast_flat_v1,data/rollouts/reference_sweep_v0/ref_sweep_v0_20260629_173911/episodes/flat_normal_gms_fast_flat_v1_r2_20260629_173936.csv,0.12000000000000002,0.32000000000000006,0.06000000000000001,True,0.3152705992242427,0.3069957875423837,0.30829296809773743,0.07980709652187912,-0.0173128426499167,0.013759906559640232,0.2169336237557569,True,0.0240729800447093,0.0803821607963577,0.013489546445477498,0.022469735145568798,0.07707989215850826,0.0080058336257934,False,False,False,False,0.00786015537422427,acceptable_slow_flat,data/rollouts/reference_sweep_v0/ref_sweep_v0_20260629_173911/summaries/flat_normal_gms_fast_flat_v1_r2_20260629_173936.json,True
slope5_forward_gms_acceptable_vx010_h032_c006_r1_20260629_175120,slope5_forward,gms_acceptable_vx010_h032_c006,reference_sweep_v0_gms_acceptable_vx010_h032_c006,data/rollouts/reference_sweep_v0/ref_sweep_v0_20260629_175015/episodes/slope5_forward_gms_acceptable_vx010_h032_c006_r1_20260629_175120.csv,0.10000000000000003,0.32000000000000006,0.06000000000000001,True,0.37515389670746824,0.3676525913089239,0.3696000428522721,0.16448949627417375,0.0059800161199188,0.028360000573052435,0.03635500293557476,True,0.0250363496422404,0.0985801480231767,-0.007674083847925301,0.008700847625732401,0.07858128547668451,0.00954828262329095,False,False,False,False,-0.1374149789718816,preferred_fast_flat,data/rollouts/reference_sweep_v0/ref_sweep_v0_20260629_175015/summaries/slope5_forward_gms_acceptable_vx010_h032_c006_r1_20260629_175120.json,True
slope5_forward_gms_acceptable_vx010_h032_c006_r2_20260629_175138,slope5_forward,gms_acceptable_vx010_h032_c006,reference_sweep_v0_gms_acceptable_vx010_h032_c006,data/rollouts/reference_sweep_v0/ref_sweep_v0_20260629_175015/episodes/slope5_forward_gms_acceptable_vx010_h032_c006_r2_20260629_175138.csv,0.10000000000000003,0.32000000000000006,0.06000000000000001,True,0.3584756666179153,0.3481343599229411,0.3509266693174321,0.15568543313096306,0.08914332256038819,0.026843463860464035,0.572586148669417,True,0.0513041190789019,0.1484517464594476,-0.023090912115324498,0.00373566150665276,0.051065826416015606,0.00786569118499751,False,False,True,False,2.0067356617378582,variable_forward_with_lateral_drift,data/rollouts/reference_sweep_v0/ref_sweep_v0_20260629_175015/summaries/slope5_forward_gms_acceptable_vx010_h032_c006_r2_20260629_175138.json,True
slope5_forward_gms_balanced_vx010_h034_c006_r1_20260629_175048,slope5_forward,gms_balanced_vx010_h034_c006,reference_sweep_v0_gms_balanced_vx010_h034_c006,data/rollouts/reference_sweep_v0/ref_sweep_v0_20260629_175015/episodes/slope5_forward_gms_balanced_vx010_h034_c006_r1_20260629_175048.csv,0.10000000000000003,0.33999999999999997,0.06000000000000001,True,0.2804193247835804,0.254849509119037,0.2574572634061566,0.07175293289680629,-0.0110128288249592,0.012371177629924013,0.15348262963407563,True,0.0182022338404621,0.1578082239317565,0.0094178925598331,0.03941431045532226,0.06209802627563468,0.007439970970153807,True,False,False,False,4.128044134912582,negative_low_height,data/rollouts/reference_sweep_v0/ref_sweep_v0_20260629_175015/summaries/slope5_forward_gms_balanced_vx010_h034_c006_r1_20260629_175048.json,True
slope5_forward_gms_balanced_vx010_h034_c006_r2_20260629_175104,slope5_forward,gms_balanced_vx010_h034_c006,reference_sweep_v0_gms_balanced_vx010_h034_c006,data/rollouts/reference_sweep_v0/ref_sweep_v0_20260629_175015/episodes/slope5_forward_gms_balanced_vx010_h034_c006_r2_20260629_175104.csv,0.10000000000000003,0.33999999999999997,0.06000000000000001,True,0.3482774745073593,0.3245928592484419,0.32709077679059406,0.1390854782726269,0.0083404595141089,0.023980943143585426,0.05996642940509172,True,0.0255100954412925,0.1361887728818626,-0.0182181511813512,0.02074115276336669,0.053586649894714344,0.008090877532958977,False,False,False,False,-0.021048133115440237,preferred_fast_flat,data/rollouts/reference_sweep_v0/ref_sweep_v0_20260629_175015/summaries/slope5_forward_gms_balanced_vx010_h034_c006_r2_20260629_175104.json,True
slope5_forward_gms_diagnostic_vx009_h032_c005_r1_20260629_175154,slope5_forward,gms_diagnostic_vx009_h032_c005,reference_sweep_v0_gms_diagnostic_vx009_h032_c005,data/rollouts/reference_sweep_v0/ref_sweep_v0_20260629_175015/episodes/slope5_forward_gms_diagnostic_vx009_h032_c005_r1_20260629_175154.csv,0.08999999999999998,0.32000000000000006,0.05000000000000002,True,0.3712707650762909,0.3568088497369394,0.35747436952761286,0.12957711798657834,0.026996288699521004,0.022340511584323017,0.20834148126613908,True,0.0243331734493075,0.1067983835832304,0.0079385138686058,0.04053168296813963,0.07408657073974607,0.00616776943206785,False,False,False,False,-0.056106089329465175,preferred_balanced_flat,data/rollouts/reference_sweep_v0/ref_sweep_v0_20260629_175015/summaries/slope5_forward_gms_diagnostic_vx009_h032_c005_r1_20260629_175154.json,True
slope5_forward_gms_diagnostic_vx009_h032_c005_r2_20260629_175210,slope5_forward,gms_diagnostic_vx009_h032_c005,reference_sweep_v0_gms_diagnostic_vx009_h032_c005,data/rollouts/reference_sweep_v0/ref_sweep_v0_20260629_175015/episodes/slope5_forward_gms_diagnostic_vx009_h032_c005_r2_20260629_175210.csv,0.08999999999999998,0.32000000000000006,0.05000000000000002,True,0.3488575721197266,0.3437843720637853,0.34466547232145756,0.11970130696020242,0.010259785554427497,0.02063804880026361,0.0857115583361058,True,0.0219244748831057,0.1371180860865621,-0.005756873036286001,0.04975588321685786,0.07638955116271971,0.00635199546813964,False,False,False,False,0.003766725963125661,preferred_balanced_flat,data/rollouts/reference_sweep_v0/ref_sweep_v0_20260629_175015/summaries/slope5_forward_gms_diagnostic_vx009_h032_c005_r2_20260629_175210.json,True
slope5_forward_gms_fast_vx012_h032_c006_r1_20260629_175015,slope5_forward,gms_fast_vx012_h032_c006,reference_sweep_v0_gms_fast_vx012_h032_c006,data/rollouts/reference_sweep_v0/ref_sweep_v0_20260629_175015/episodes/slope5_forward_gms_fast_vx012_h032_c006_r1_20260629_175015.csv,0.12000000000000002,0.32000000000000006,0.06000000000000001,True,0.31539553741235693,0.3036261061067589,0.30716831493008984,0.1541471025842184,0.055881260025546504,0.02657655155915408,0.36251904245177574,True,0.0494185203595798,0.2923122903253307,-0.0342711754028318,0.0313602685928344,0.0630862236022949,0.00557680130004879,False,False,True,True,4.231718951181194,negative_unstable_attitude,data/rollouts/reference_sweep_v0/ref_sweep_v0_20260629_175015/summaries/slope5_forward_gms_fast_vx012_h032_c006_r1_20260629_175015.json,True
slope5_forward_gms_fast_vx012_h032_c006_r2_20260629_175031,slope5_forward,gms_fast_vx012_h032_c006,reference_sweep_v0_gms_fast_vx012_h032_c006,data/rollouts/reference_sweep_v0/ref_sweep_v0_20260629_175015/episodes/slope5_forward_gms_fast_vx012_h032_c006_r2_20260629_175031.csv,0.12000000000000002,0.32000000000000006,0.06000000000000001,True,0.360648121672866,0.3528490971386515,0.35389749287941946,0.1500934298317123,0.015545915080236498,0.025878938384450833,0.10357492061888973,True,0.0194599707793559,0.1518480434748629,-0.0098804411667937,0.05016312599182125,0.07844605445861816,0.00798377990722652,False,False,False,False,-0.0353204853486615,preferred_fast_flat,data/rollouts/reference_sweep_v0/ref_sweep_v0_20260629_175015/summaries/slope5_forward_gms_fast_vx012_h032_c006_r2_20260629_175031.json,True
sponge_firm_flat_gms_acceptable_vx010_h032_c006_r1_20260629_180104,sponge_firm_flat,gms_acceptable_vx010_h032_c006,reference_sweep_v0_gms_acceptable_vx010_h032_c006,data/rollouts/reference_sweep_v0/ref_sweep_v0_20260629_175957/episodes/sponge_firm_flat_gms_acceptable_vx010_h032_c006_r1_20260629_180104.csv,0.10000000000000003,0.32000000000000006,0.06000000000000001,True,0.27808964909884243,0.2567618785497459,0.26059595849208894,-0.011191879691211826,0.052851629323187696,-0.001929626434014747,4.722319286963767,True,0.0273376464093745,0.1225193823264342,-0.0327398760888977,0.01325318813323971,0.07649986743926994,0.008063340187072745,True,True,True,False,9.273361203357256,negative_low_height,data/rollouts/reference_sweep_v0/ref_sweep_v0_20260629_175957/summaries/sponge_firm_flat_gms_acceptable_vx010_h032_c006_r1_20260629_180104.json,True
sponge_firm_flat_gms_acceptable_vx010_h032_c006_r2_20260629_180119,sponge_firm_flat,gms_acceptable_vx010_h032_c006,reference_sweep_v0_gms_acceptable_vx010_h032_c006,data/rollouts/reference_sweep_v0/ref_sweep_v0_20260629_175957/episodes/sponge_firm_flat_gms_acceptable_vx010_h032_c006_r2_20260629_180119.csv,0.10000000000000003,0.32000000000000006,0.06000000000000001,True,0.22567153038464235,0.2041201135250649,0.20593700155714467,0.08702474859821963,0.006674741740768007,0.015004516304361294,0.07669935102696247,True,0.034012769421801,0.0924022412768476,-0.031896532173526705,0.04249351024627678,0.051874947547912574,0.00774197578430172,True,False,False,False,4.041090244590356,negative_low_height,data/rollouts/reference_sweep_v0/ref_sweep_v0_20260629_175957/summaries/sponge_firm_flat_gms_acceptable_vx010_h032_c006_r2_20260629_180119.json,True
sponge_firm_flat_gms_balanced_vx010_h034_c006_r1_20260629_180030,sponge_firm_flat,gms_balanced_vx010_h034_c006,reference_sweep_v0_gms_balanced_vx010_h034_c006,data/rollouts/reference_sweep_v0/ref_sweep_v0_20260629_175957/episodes/sponge_firm_flat_gms_balanced_vx010_h034_c006_r1_20260629_180030.csv,0.10000000000000003,0.33999999999999997,0.06000000000000001,True,0.24219745608490098,0.2085962928476797,0.2250701628522984,0.0706888559530855,-0.0193164585229,0.012187825568342801,0.27326030761793446,True,0.0686990484300837,0.2132164784654042,0.0695276162390619,0.00252094268798828,0.06496894359588623,0.00949959754943846,True,False,False,False,4.33711767142831,negative_low_height,data/rollouts/reference_sweep_v0/ref_sweep_v0_20260629_175957/summaries/sponge_firm_flat_gms_balanced_vx010_h034_c006_r1_20260629_180030.json,True
sponge_firm_flat_gms_balanced_vx010_h034_c006_r2_20260629_180047,sponge_firm_flat,gms_balanced_vx010_h034_c006,reference_sweep_v0_gms_balanced_vx010_h034_c006,data/rollouts/reference_sweep_v0/ref_sweep_v0_20260629_175957/episodes/sponge_firm_flat_gms_balanced_vx010_h034_c006_r2_20260629_180047.csv,0.10000000000000003,0.33999999999999997,0.06000000000000001,True,0.26893475865303546,0.2385898064982711,0.2520337116408176,0.029584768142234208,0.0645933533313723,0.005100806199967267,2.1833314028633883,True,0.045742411301942,0.1051275840512343,0.0338797001433755,0.00512893199920653,0.07329585552215573,0.0099868774414062,True,True,True,False,9.194239216859996,negative_low_height,data/rollouts/reference_sweep_v0/ref_sweep_v0_20260629_175957/summaries/sponge_firm_flat_gms_balanced_vx010_h034_c006_r2_20260629_180047.json,True
sponge_firm_flat_gms_diagnostic_vx009_h032_c005_r1_20260629_180137,sponge_firm_flat,gms_diagnostic_vx009_h032_c005,reference_sweep_v0_gms_diagnostic_vx009_h032_c005,data/rollouts/reference_sweep_v0/ref_sweep_v0_20260629_175957/episodes/sponge_firm_flat_gms_diagnostic_vx009_h032_c005_r1_20260629_180137.csv,0.08999999999999998,0.32000000000000006,0.05000000000000002,True,0.21950852276044674,0.1849314630851681,0.19044942538766838,0.08916238123780129,-0.0757328793391428,0.01537252874235816,0.8493815248962315,True,0.1334026849345344,0.2581720422753673,0.0047137179850439,0.00837528705596916,0.06379015445709224,0.00586183071136473,True,False,True,True,8.412808302727285,negative_low_height,data/rollouts/reference_sweep_v0/ref_sweep_v0_20260629_175957/summaries/sponge_firm_flat_gms_diagnostic_vx009_h032_c005_r1_20260629_180137.json,True
sponge_firm_flat_gms_diagnostic_vx009_h032_c005_r2_20260629_180153,sponge_firm_flat,gms_diagnostic_vx009_h032_c005,reference_sweep_v0_gms_diagnostic_vx009_h032_c005,data/rollouts/reference_sweep_v0/ref_sweep_v0_20260629_175957/episodes/sponge_firm_flat_gms_diagnostic_vx009_h032_c005_r2_20260629_180153.csv,0.08999999999999998,0.32000000000000006,0.05000000000000002,True,0.24161689492337715,0.2098267386725174,0.21589959223637561,0.04717977605395163,-0.02777911582972359,0.008134579305778246,0.5887928717159924,True,0.0674808171083496,0.0939960883564914,0.017142000787726,0.05003502368927002,0.06169714927673339,0.007128596305847091,True,True,True,False,9.16156940671954,negative_low_height,data/rollouts/reference_sweep_v0/ref_sweep_v0_20260629_175957/summaries/sponge_firm_flat_gms_diagnostic_vx009_h032_c005_r2_20260629_180153.json,True
sponge_firm_flat_gms_fast_vx012_h032_c006_r1_20260629_175957,sponge_firm_flat,gms_fast_vx012_h032_c006,reference_sweep_v0_gms_fast_vx012_h032_c006,data/rollouts/reference_sweep_v0/ref_sweep_v0_20260629_175957/episodes/sponge_firm_flat_gms_fast_vx012_h032_c006_r1_20260629_175957.csv,0.12000000000000002,0.32000000000000006,0.06000000000000001,True,0.26096930676462693,0.2358699500499517,0.2396851096185262,0.08544041076044,0.0817995177347535,0.01473083777797741,0.9573867565326327,True,0.0385651398623828,0.4112325052140299,0.11432375764392388,0.008931064605712859,0.0727467060089111,0.0059547185897827,True,False,True,True,8.595274652208877,negative_low_height,data/rollouts/reference_sweep_v0/ref_sweep_v0_20260629_175957/summaries/sponge_firm_flat_gms_fast_vx012_h032_c006_r1_20260629_175957.json,True
sponge_firm_flat_gms_fast_vx012_h032_c006_r2_20260629_180014,sponge_firm_flat,gms_fast_vx012_h032_c006,reference_sweep_v0_gms_fast_vx012_h032_c006,data/rollouts/reference_sweep_v0/ref_sweep_v0_20260629_175957/episodes/sponge_firm_flat_gms_fast_vx012_h032_c006_r2_20260629_180014.csv,0.12000000000000002,0.32000000000000006,0.06000000000000001,True,0.2737606707385068,0.2358593671524196,0.2418324593220847,0.059370918974682496,-0.023412725792581298,0.010236375102630528,0.3943466969504914,True,0.035402140407157,0.1041492588385509,0.12403632721509139,0.038121128082275364,0.05299065113067624,0.00592999458312983,True,False,True,False,6.189814322691269,negative_low_height,data/rollouts/reference_sweep_v0/ref_sweep_v0_20260629_175957/summaries/sponge_firm_flat_gms_fast_vx012_h032_c006_r2_20260629_180014.json,True
sponge_firm_flat_sponge_cautious_vx003_h034_c008_r1_20260629_180530,sponge_firm_flat,sponge_cautious_vx003_h034_c008,reference_sweep_v0_sponge_cautious_vx003_h034_c008,data/rollouts/reference_sweep_v0/ref_sweep_v0_20260629_180530/episodes/sponge_firm_flat_sponge_cautious_vx003_h034_c008_r1_20260629_180530.csv,0.030000000000000006,0.33999999999999997,0.08000000000000002,True,0.2507343315779912,0.2209343235329483,0.22738276586268466,-0.018701438939664028,0.0507972554729421,-0.0032243901594491485,2.716221764369468,True,0.0528717855858502,0.1220006204748909,0.011844862393787202,0.0233011245727539,0.05647315979003902,0.007692098617553687,True,True,True,False,9.309187376885468,negative_low_height,data/rollouts/reference_sweep_v0/ref_sweep_v0_20260629_180530/summaries/sponge_firm_flat_sponge_cautious_vx003_h034_c008_r1_20260629_180530.json,True
sponge_firm_flat_sponge_cautious_vx003_h034_c008_r2_20260629_180546,sponge_firm_flat,sponge_cautious_vx003_h034_c008,reference_sweep_v0_sponge_cautious_vx003_h034_c008,data/rollouts/reference_sweep_v0/ref_sweep_v0_20260629_180530/episodes/sponge_firm_flat_sponge_cautious_vx003_h034_c008_r2_20260629_180546.csv,0.030000000000000006,0.33999999999999997,0.08000000000000002,True,0.241587531605216,0.2089738865672492,0.21050900825637503,-0.005975786458796817,0.052993563725026394,-0.0010303054774633675,8.868048430180398,True,0.0416655296262627,0.1359250347254543,-0.006340240952259799,0.0062770605087279895,0.07723629474639891,0.00791521072387689,True,True,True,False,9.283409612206977,negative_low_height,data/rollouts/reference_sweep_v0/ref_sweep_v0_20260629_180530/summaries/sponge_firm_flat_sponge_cautious_vx003_h034_c008_r2_20260629_180546.json,True
sponge_firm_flat_sponge_cautious_vx005_h034_c008_r1_20260629_180602,sponge_firm_flat,sponge_cautious_vx005_h034_c008,reference_sweep_v0_sponge_cautious_vx005_h034_c008,data/rollouts/reference_sweep_v0/ref_sweep_v0_20260629_180530/episodes/sponge_firm_flat_sponge_cautious_vx005_h034_c008_r1_20260629_180602.csv,0.05000000000000002,0.33999999999999997,0.08000000000000002,True,0.23279330695677242,0.1763664741522013,0.1957037821680918,0.0429285375994235,-0.007182116086048906,0.007401777235817719,0.16730400073412605,True,0.0414355765112528,0.1703432598701776,-0.0363379834712077,0.02573697566986078,0.07322773933410645,0.00596325397491448,True,True,False,False,7.260881566150265,negative_low_height,data/rollouts/reference_sweep_v0/ref_sweep_v0_20260629_180530/summaries/sponge_firm_flat_sponge_cautious_vx005_h034_c008_r1_20260629_180602.json,True
sponge_firm_flat_sponge_cautious_vx005_h034_c008_r2_20260629_180618,sponge_firm_flat,sponge_cautious_vx005_h034_c008,reference_sweep_v0_sponge_cautious_vx005_h034_c008,data/rollouts/reference_sweep_v0/ref_sweep_v0_20260629_180530/episodes/sponge_firm_flat_sponge_cautious_vx005_h034_c008_r2_20260629_180618.csv,0.05000000000000002,0.33999999999999997,0.08000000000000002,True,0.232332823988489,0.2049227037659622,0.21520107975842323,-0.05942497677586722,-0.03564506903574979,-0.010245547173558281,0.5998331168086453,True,0.0677544728609062,0.1344937491148409,-0.0117433609125102,0.00247738361358639,0.06174106597900388,0.007796764373779276,True,True,True,False,9.431616975245364,negative_low_height,data/rollouts/reference_sweep_v0/ref_sweep_v0_20260629_180530/summaries/sponge_firm_flat_sponge_cautious_vx005_h034_c008_r2_20260629_180618.json,True
sponge_firm_flat_sponge_cautious_vx006_h034_c010_r1_20260629_180635,sponge_firm_flat,sponge_cautious_vx006_h034_c010,reference_sweep_v0_sponge_cautious_vx006_h034_c010,data/rollouts/reference_sweep_v0/ref_sweep_v0_20260629_180530/episodes/sponge_firm_flat_sponge_cautious_vx006_h034_c010_r1_20260629_180635.csv,0.06000000000000001,0.33999999999999997,0.10000000000000003,True,0.22271371508546886,0.1927589061566166,0.20074466470774832,0.10600733492485825,0.0404918387530686,0.01827785115442423,0.38197204732833484,True,0.0942488522412268,0.1690137013298611,-0.0088276196956368,0.00419201850891108,0.07763376235961908,0.00941569805145255,True,False,True,False,6.189941256263424,negative_low_height,data/rollouts/reference_sweep_v0/ref_sweep_v0_20260629_180530/summaries/sponge_firm_flat_sponge_cautious_vx006_h034_c010_r1_20260629_180635.json,True
sponge_firm_flat_sponge_cautious_vx006_h034_c010_r2_20260629_180652,sponge_firm_flat,sponge_cautious_vx006_h034_c010,reference_sweep_v0_sponge_cautious_vx006_h034_c010,data/rollouts/reference_sweep_v0/ref_sweep_v0_20260629_180530/episodes/sponge_firm_flat_sponge_cautious_vx006_h034_c010_r2_20260629_180652.csv,0.06000000000000001,0.33999999999999997,0.10000000000000003,True,0.254688783933463,0.2213285858729766,0.22344307662270607,-0.02119748817774947,-0.018636865072239994,-0.0036548189968454194,0.8792015787890707,True,0.0629028656074774,0.0638914430861296,-0.0283263121170925,0.01540794372558587,0.04863812923431392,0.00661218166351315,True,True,True,False,9.255247489089585,negative_low_height,data/rollouts/reference_sweep_v0/ref_sweep_v0_20260629_180530/summaries/sponge_firm_flat_sponge_cautious_vx006_h034_c010_r2_20260629_180652.json,True
sponge_firm_flat_sponge_cautious_vx008_h034_c010_r1_20260629_180708,sponge_firm_flat,sponge_cautious_vx008_h034_c010,reference_sweep_v0_sponge_cautious_vx008_h034_c010,data/rollouts/reference_sweep_v0/ref_sweep_v0_20260629_180530/episodes/sponge_firm_flat_sponge_cautious_vx008_h034_c010_r1_20260629_180708.csv,0.08000000000000002,0.33999999999999997,0.10000000000000003,True,0.29794464394427755,0.2575876990424265,0.26368748448804025,0.1201657223891186,0.04720921756977149,0.02071792838953126,0.3928675884533811,True,0.0577368613850419,0.1830199415146546,0.07332747410878519,0.00104694366455073,0.04741473197937006,0.008576655387878331,True,False,True,False,6.179465738858335,negative_low_height,data/rollouts/reference_sweep_v0/ref_sweep_v0_20260629_180530/summaries/sponge_firm_flat_sponge_cautious_vx008_h034_c010_r1_20260629_180708.json,True
sponge_firm_flat_sponge_cautious_vx008_h034_c010_r2_20260629_180724,sponge_firm_flat,sponge_cautious_vx008_h034_c010,reference_sweep_v0_sponge_cautious_vx008_h034_c010,data/rollouts/reference_sweep_v0/ref_sweep_v0_20260629_180530/episodes/sponge_firm_flat_sponge_cautious_vx008_h034_c010_r2_20260629_180724.csv,0.08000000000000002,0.33999999999999997,0.10000000000000003,True,0.27705994962912617,0.2513871323957788,0.25749180479164,0.06122573803214504,0.003958002846626896,0.010555835512343764,0.06464606183348652,True,0.0299447450996381,0.1098656236402643,-0.035238842207081,0.01324110031127923,0.05521636009216307,0.005831003189086866,True,False,False,False,4.115455150811229,negative_low_height,data/rollouts/reference_sweep_v0/ref_sweep_v0_20260629_180530/summaries/sponge_firm_flat_sponge_cautious_vx008_h034_c010_r2_20260629_180724.json,True
sponge_firm_flat_sponge_probe_vx005_h036_c010_r1_20260629_180740,sponge_firm_flat,sponge_probe_vx005_h036_c010,reference_sweep_v0_sponge_probe_vx005_h036_c010,data/rollouts/reference_sweep_v0/ref_sweep_v0_20260629_180530/episodes/sponge_firm_flat_sponge_probe_vx005_h036_c010_r1_20260629_180740.csv,0.05000000000000002,0.35999999999999993,0.10000000000000003,True,0.28513810703971487,0.2619460033596352,0.2632456147266777,-0.02995204131657281,0.0100854030239593,-0.0051642081451797215,0.3367183864820235,True,0.0419729031412466,0.0731781599294121,0.0048825842370884,0.0162181615829467,0.0486259222030639,0.00979580879211424,True,True,True,False,9.236536744628806,negative_low_height,data/rollouts/reference_sweep_v0/ref_sweep_v0_20260629_180530/summaries/sponge_firm_flat_sponge_probe_vx005_h036_c010_r1_20260629_180740.json,True
sponge_firm_flat_sponge_probe_vx005_h036_c010_r2_20260629_180756,sponge_firm_flat,sponge_probe_vx005_h036_c010,reference_sweep_v0_sponge_probe_vx005_h036_c010,data/rollouts/reference_sweep_v0/ref_sweep_v0_20260629_180530/episodes/sponge_firm_flat_sponge_probe_vx005_h036_c010_r2_20260629_180756.csv,0.05000000000000002,0.35999999999999993,0.10000000000000003,True,0.279066845105096,0.259571595839924,0.2644359537045098,0.0033592752781246293,-0.0193769977564478,0.0005791964686466274,5.7682077686903135,True,0.0413618802498923,0.1289075703853981,-0.0101814285343605,0.03939721584320061,0.051386833190918,0.00984101295471188,True,True,True,False,9.256830768224177,negative_low_height,data/rollouts/reference_sweep_v0/ref_sweep_v0_20260629_180530/summaries/sponge_firm_flat_sponge_probe_vx005_h036_c010_r2_20260629_180756.json,True
sponge_firm_flat_sponge_refine_vx007_h034_c010_r1_20260629_180943,sponge_firm_flat,sponge_refine_vx007_h034_c010,reference_sweep_v0_sponge_refine_vx007_h034_c010,data/rollouts/reference_sweep_v0/ref_sweep_v0_20260629_180943/episodes/sponge_firm_flat_sponge_refine_vx007_h034_c010_r1_20260629_180943.csv,0.07,0.33999999999999997,0.10000000000000003,True,0.2841926094273949,0.2590050076676717,0.2633177903966011,0.05104009030555501,-0.0031686407281925066,0.008800022515320896,0.06208140912806426,True,0.0320955004721587,0.0962629504398993,-0.0859216186095908,0.01202325820922843,0.04850766658782953,0.0075128078460693,True,False,False,False,4.15919479064465,negative_low_height,data/rollouts/reference_sweep_v0/ref_sweep_v0_20260629_180943/summaries/sponge_firm_flat_sponge_refine_vx007_h034_c010_r1_20260629_180943.json,True
sponge_firm_flat_sponge_refine_vx007_h034_c010_r2_20260629_180959,sponge_firm_flat,sponge_refine_vx007_h034_c010,reference_sweep_v0_sponge_refine_vx007_h034_c010,data/rollouts/reference_sweep_v0/ref_sweep_v0_20260629_180943/episodes/sponge_firm_flat_sponge_refine_vx007_h034_c010_r2_20260629_180959.csv,0.07,0.33999999999999997,0.10000000000000003,True,0.25917703383198415,0.2306004296016292,0.2324211806564327,0.00990411147853587,0.003185300650285189,0.0017075563772165577,0.3216139738721997,True,0.0582141512741026,0.1064629031225602,0.009774603043938901,0.01085622310638424,0.0686102628707885,0.00725855827331538,True,True,True,False,9.235027041073074,negative_low_height,data/rollouts/reference_sweep_v0/ref_sweep_v0_20260629_180943/summaries/sponge_firm_flat_sponge_refine_vx007_h034_c010_r2_20260629_180959.json,True
sponge_firm_flat_sponge_refine_vx008_h032_c010_r1_20260629_181122,sponge_firm_flat,sponge_refine_vx008_h032_c010,reference_sweep_v0_sponge_refine_vx008_h032_c010,data/rollouts/reference_sweep_v0/ref_sweep_v0_20260629_180943/episodes/sponge_firm_flat_sponge_refine_vx008_h032_c010_r1_20260629_181122.csv,0.08000000000000002,0.32000000000000006,0.10000000000000003,True,0.24096224523541182,0.2068878931966542,0.21292135087887099,0.11575965093641116,0.002072982581380306,0.019958292393488675,0.01790764367904869,True,0.0715979667132502,0.1730815101252695,-0.0826349252734215,0.04539825916290281,0.05687384605407711,0.00717606544494626,True,False,False,False,4.2016078536036945,negative_low_height,data/rollouts/reference_sweep_v0/ref_sweep_v0_20260629_180943/summaries/sponge_firm_flat_sponge_refine_vx008_h032_c010_r1_20260629_181122.json,True
sponge_firm_flat_sponge_refine_vx008_h032_c010_r2_20260629_181138,sponge_firm_flat,sponge_refine_vx008_h032_c010,reference_sweep_v0_sponge_refine_vx008_h032_c010,data/rollouts/reference_sweep_v0/ref_sweep_v0_20260629_180943/episodes/sponge_firm_flat_sponge_refine_vx008_h032_c010_r2_20260629_181138.csv,0.08000000000000002,0.32000000000000006,0.10000000000000003,True,0.13803956394373187,0.0573138104399856,0.06499918430618387,0.046468446836860355,0.005050760682277278,0.008011777532347478,0.10869226380664916,True,0.0818903475681099,0.1862647387809493,0.012276662259121099,0.04280347824096679,0.0544342517852783,0.009473395347595129,True,True,False,False,7.319117065657165,negative_low_height,data/rollouts/reference_sweep_v0/ref_sweep_v0_20260629_180943/summaries/sponge_firm_flat_sponge_refine_vx008_h032_c010_r2_20260629_181138.json,True
sponge_firm_flat_sponge_refine_vx008_h034_c010_r1_20260629_181016,sponge_firm_flat,sponge_refine_vx008_h034_c010,reference_sweep_v0_sponge_refine_vx008_h034_c010,data/rollouts/reference_sweep_v0/ref_sweep_v0_20260629_180943/episodes/sponge_firm_flat_sponge_refine_vx008_h034_c010_r1_20260629_181016.csv,0.08000000000000002,0.33999999999999997,0.10000000000000003,True,0.24131588697229223,0.2093554908421902,0.21338038376643687,0.12612503963017785,-0.02955260186918049,0.021745662698867546,0.23431193326744817,True,0.0596407834890526,0.1982522136372198,-0.0801141078541092,0.02268080711364744,0.048176956176757726,0.009202980995178139,True,False,False,False,4.19868070271234,negative_low_height,data/rollouts/reference_sweep_v0/ref_sweep_v0_20260629_180943/summaries/sponge_firm_flat_sponge_refine_vx008_h034_c010_r1_20260629_181016.json,True
sponge_firm_flat_sponge_refine_vx008_h034_c010_r2_20260629_181033,sponge_firm_flat,sponge_refine_vx008_h034_c010,reference_sweep_v0_sponge_refine_vx008_h034_c010,data/rollouts/reference_sweep_v0/ref_sweep_v0_20260629_180943/episodes/sponge_firm_flat_sponge_refine_vx008_h034_c010_r2_20260629_181033.csv,0.08000000000000002,0.33999999999999997,0.10000000000000003,True,0.27636057411809895,0.2646880718464898,0.2670113735891966,0.04083235523737283,0.02583798338834542,0.007040357367548132,0.632782097386745,True,0.047419540290366,0.1277487617150672,0.0080074815116041,0.0103118419647216,0.0724858283996582,0.00942549705505365,True,True,True,False,9.187493727742687,negative_low_height,data/rollouts/reference_sweep_v0/ref_sweep_v0_20260629_180943/summaries/sponge_firm_flat_sponge_refine_vx008_h034_c010_r2_20260629_181033.json,True
sponge_firm_flat_sponge_refine_vx008_h034_c012_r1_20260629_181155,sponge_firm_flat,sponge_refine_vx008_h034_c012,reference_sweep_v0_sponge_refine_vx008_h034_c012,data/rollouts/reference_sweep_v0/ref_sweep_v0_20260629_180943/episodes/sponge_firm_flat_sponge_refine_vx008_h034_c012_r1_20260629_181155.csv,0.08000000000000002,0.33999999999999997,0.12000000000000002,True,0.30636075467568297,0.2789569552351595,0.2857528003635325,0.12124115620874898,-0.008604513603718833,0.020903768093802493,0.0709702371107701,True,0.0544032118502902,0.1286434031458111,0.0255772493915035,0.03049352169036863,0.06531553268432609,0.00999538898468009,False,False,False,False,0.052549409589856766,variable_or_unknown,data/rollouts/reference_sweep_v0/ref_sweep_v0_20260629_180943/summaries/sponge_firm_flat_sponge_refine_vx008_h034_c012_r1_20260629_181155.json,True
sponge_firm_flat_sponge_refine_vx008_h034_c012_r2_20260629_181212,sponge_firm_flat,sponge_refine_vx008_h034_c012,reference_sweep_v0_sponge_refine_vx008_h034_c012,data/rollouts/reference_sweep_v0/ref_sweep_v0_20260629_180943/episodes/sponge_firm_flat_sponge_refine_vx008_h034_c012_r2_20260629_181212.csv,0.08000000000000002,0.33999999999999997,0.12000000000000002,True,0.2328566912332938,0.1847484631604414,0.19582073191045835,0.02720285191610028,0.023459616882879397,0.004690048789414168,0.8623954927679692,True,0.0545894618080481,0.1665212487516978,0.14011118452026888,0.017716455459594722,0.06388046741485592,0.01313328742980951,True,True,True,False,9.389349309623633,negative_low_height,data/rollouts/reference_sweep_v0/ref_sweep_v0_20260629_180943/summaries/sponge_firm_flat_sponge_refine_vx008_h034_c012_r2_20260629_181212.json,True
sponge_firm_flat_sponge_refine_vx009_h034_c010_r1_20260629_181049,sponge_firm_flat,sponge_refine_vx009_h034_c010,reference_sweep_v0_sponge_refine_vx009_h034_c010,data/rollouts/reference_sweep_v0/ref_sweep_v0_20260629_180943/episodes/sponge_firm_flat_sponge_refine_vx009_h034_c010_r1_20260629_181049.csv,0.08999999999999998,0.33999999999999997,0.10000000000000003,True,0.24500515191623673,0.2042954098597816,0.21084511885238713,0.06077535330831507,0.0246282974870852,0.010478516169023558,0.4052349537508265,True,0.0385443269920603,0.1030676387872932,-0.0747762728694555,0.01776344776153564,0.05955042839050292,0.00980880260467523,True,False,True,False,6.150688260347964,negative_low_height,data/rollouts/reference_sweep_v0/ref_sweep_v0_20260629_180943/summaries/sponge_firm_flat_sponge_refine_vx009_h034_c010_r1_20260629_181049.json,True
sponge_firm_flat_sponge_refine_vx009_h034_c010_r2_20260629_181106,sponge_firm_flat,sponge_refine_vx009_h034_c010,reference_sweep_v0_sponge_refine_vx009_h034_c010,data/rollouts/reference_sweep_v0/ref_sweep_v0_20260629_180943/episodes/sponge_firm_flat_sponge_refine_vx009_h034_c010_r2_20260629_181106.csv,0.08999999999999998,0.33999999999999997,0.10000000000000003,True,0.24691369843245778,0.2115236467330159,0.21347984801381464,0.04577467849048,-0.0165549932516611,0.007892254140588932,0.36166268770416654,True,0.0504802912421377,0.0666837850787056,-0.0425498300718327,0.006884551048278791,0.06110508441925048,0.012651419639587321,True,True,True,False,9.11823662155777,negative_low_height,data/rollouts/reference_sweep_v0/ref_sweep_v0_20260629_180943/summaries/sponge_firm_flat_sponge_refine_vx009_h034_c010_r2_20260629_181106.json,True
